age,income,credit_score,loan_amount,employment_years,debt_to_income_ratio,existing_loans,education_level,marital_status,has_dependents,loan_approved
56,47,839,28,3,22.34838385014913,1,1,1,1,1
69,78,671,45,29,47.65541624528981,2,1,2,1,0
46,56,789,44,33,23.2606520269619,1,2,2,0,1
32,33,445,24,26,32.60237116727937,1,1,1,0,1
60,31,731,58,30,22.1206980490135,1,2,2,0,1
25,72,578,55,31,38.462233772475955,2,1,2,0,0
38,30,576,31,38,40.906138327143374,2,1,2,1,0
56,66,625,57,8,41.307119926027745,2,1,3,0,0
36,68,507,78,7,17.909585605899487,1,2,2,0,0
40,40,694,85,13,36.6005316025483,1,1,1,0,0
28,77,669,62,32,58.64854641982835,1,2,2,1,0
28,25,676,61,22,46.227331077269916,2,2,3,1,0
41,65,738,43,20,36.399968541366334,0,2,1,1,1
53,59,801,75,11,6.035384871934394,2,2,3,0,1
57,57,613,23,1,31.259652828353083,1,2,1,0,1
41,36,697,72,12,59.69548370971415,1,2,1,1,0
20,41,679,42,3,54.779102540196476,0,3,1,0,0
39,92,687,87,19,41.92127487179693,2,1,3,1,0
19,84,689,64,13,24.21004381857818,1,1,2,0,1
41,74,809,48,29,35.78418473668176,1,2,1,0,1
61,78,604,44,28,46.60221250078288,1,2,3,0,0
47,76,497,63,7,49.10808790443896,2,2,2,1,0
55,53,580,61,11,39.68930458468744,2,1,3,0,0
19,60,725,40,37,47.82559524076475,1,2,1,1,0
38,30,652,52,25,34.119611305057404,1,3,1,1,1
50,58,603,72,1,33.45640005364002,3,2,2,1,0
29,83,542,15,39,28.116274673419966,1,3,2,0,1
39,46,672,68,13,41.36805248552497,2,2,2,0,0
61,80,714,63,5,50.00510408350733,2,1,2,1,0
42,61,680,79,39,45.62665806103229,1,2,2,0,0
66,32,624,32,30,16.729452779718354,1,2,1,0,0
44,37,664,50,16,17.53288527240685,1,2,2,0,0
59,78,664,55,24,51.554598252686965,1,2,1,0,0
45,71,668,68,31,37.64859220676664,3,2,1,0,0
33,62,531,60,11,38.23472227214989,1,1,1,1,0
32,54,669,19,12,37.896719505350376,2,1,2,1,0
64,64,605,57,18,60.0,0,2,3,0,0
68,77,754,100,24,28.305727727661214,1,3,1,1,1
61,89,663,65,30,51.74951203514214,2,1,1,0,0
69,90,733,90,36,38.504105364802506,0,3,1,0,1
20,67,619,76,24,10.992305311024207,3,2,3,1,0
54,56,623,84,15,22.627215799810735,3,1,2,0,0
68,62,799,57,37,25.894541244560827,0,1,3,1,1
24,70,693,63,22,51.39662021699175,4,1,3,0,0
38,70,578,56,13,53.40946710188865,1,3,1,1,0
26,86,739,50,5,40.30780776167509,1,2,1,0,0
56,102,596,68,24,27.158400804780563,2,3,2,0,1
35,55,672,36,22,21.335283259246438,1,3,1,0,1
21,103,833,97,11,52.06371527992401,1,2,1,0,1
42,83,506,26,12,15.731713866259135,3,2,1,0,1
31,57,632,70,35,33.44164573628576,0,2,2,1,0
67,89,690,84,38,60.0,3,2,2,0,0
26,93,726,45,33,27.203192179435202,1,1,1,1,1
43,50,525,22,5,15.924526554813298,0,2,2,0,1
19,94,496,78,37,8.518129620527322,0,2,1,0,1
37,81,759,55,39,60.0,2,1,2,1,1
45,107,577,70,7,40.229406491833196,2,2,2,1,0
64,51,573,47,7,21.963865870978317,1,3,1,0,0
24,52,805,93,39,32.16295071277374,3,2,2,1,1
61,20,656,5,32,25.055662733605274,0,2,2,0,1
25,71,657,59,33,7.046659395607893,2,1,1,0,0
64,67,632,83,14,46.821761501806805,3,2,1,0,0
52,48,527,52,35,35.50719233592212,2,2,3,1,0
31,58,717,57,34,45.574756680769084,1,3,1,1,0
34,33,690,39,21,35.09825730238766,1,3,2,0,1
53,83,666,50,22,36.96867853697826,3,3,3,1,1
67,50,638,8,39,5.0,1,1,1,1,1
57,121,620,32,21,48.617716280109924,2,2,1,0,0
21,56,741,30,4,18.67535371455097,1,3,3,1,0
19,44,635,66,30,22.51874634628299,1,3,1,0,1
23,51,643,35,12,27.081915432439757,2,3,2,0,1
59,31,702,36,27,5.0,2,2,2,1,1
21,69,670,40,19,26.26165238204977,0,2,2,0,1
46,51,814,31,32,25.21723832394906,1,1,3,0,1
35,82,473,56,15,29.332497966009917,1,3,3,0,1
43,54,679,59,28,9.482307241394313,0,2,2,1,1
61,87,579,70,22,48.915633253419585,2,1,3,0,0
51,75,555,66,23,40.97084867293359,0,1,3,0,0
27,60,604,63,33,22.039397069614463,2,2,3,1,0
53,91,655,41,6,26.276803815692745,1,2,2,0,1
31,79,659,40,37,47.57222493159649,0,1,1,1,1
48,118,498,28,36,31.137874533196708,3,1,2,0,0
65,51,595,27,3,16.39196256194395,0,1,1,0,1
32,61,678,54,33,33.746121948726866,1,1,1,0,0
25,91,562,32,21,18.68235452312655,1,3,1,0,1
31,29,538,86,4,24.381902388162906,1,2,3,1,0
40,86,424,49,22,34.24063851466116,2,2,1,0,0
57,68,583,87,14,50.82817197358489,0,2,2,1,0
38,42,535,64,30,60.0,1,2,2,0,0
33,32,551,30,8,55.43923432073457,2,2,1,1,0
62,46,622,48,24,33.92215641796403,3,3,2,1,1
35,20,590,8,24,60.0,0,2,2,0,1
64,50,533,54,20,43.37404016552432,1,2,3,0,0
41,72,438,32,8,20.304671910294015,1,2,1,1,0
43,50,680,22,37,36.418247784842855,1,3,1,1,1
42,87,725,88,21,25.146250296861854,1,1,2,0,1
62,93,610,75,22,16.28141110508173,2,1,1,0,1
58,85,623,75,3,17.386643338126852,3,3,1,0,1
46,64,650,69,28,32.791487327383365,1,3,1,1,1
32,20,807,19,14,46.31308985920111,0,2,2,1,1
62,45,493,39,0,51.023048836938514,1,2,1,1,0
18,57,608,41,29,16.329231249629288,0,1,2,0,0
42,42,477,7,28,30.451119763683696,1,2,3,0,0
24,57,686,36,19,42.29886019602585,1,3,2,0,0
26,92,635,36,32,37.27787893627415,3,1,1,0,0
41,27,670,53,35,45.41819550570344,1,2,2,0,0
18,96,665,113,21,28.479594428287143,3,3,1,0,1
61,77,749,49,12,54.093728526577436,0,2,1,1,1
25,65,703,53,6,34.936369672864416,1,2,1,0,1
41,45,733,43,7,46.365862035818104,1,2,1,0,1
28,42,543,68,27,29.28839428089346,3,3,2,1,1
68,27,769,23,8,35.875864153077615,0,3,3,1,1
34,94,577,97,24,11.059612228572867,2,2,3,0,1
25,90,583,46,15,22.448670949370438,3,3,1,1,1
52,31,677,40,9,31.88804467200618,3,3,2,0,1
52,48,680,74,10,36.50092314900547,1,3,1,0,1
50,68,542,27,30,60.0,3,2,2,1,0
22,54,632,67,11,29.27150010760681,1,2,1,1,0
59,21,798,85,30,14.350396519989129,0,2,3,1,1
56,46,503,43,13,60.0,1,2,3,1,0
58,99,798,101,31,51.18256626542648,0,2,1,0,1
45,48,625,66,16,17.652316948912055,2,1,2,0,0
24,56,416,66,34,41.97893104818964,1,2,2,0,0
26,37,513,84,0,47.52809634994274,1,2,2,0,0
25,71,553,90,28,37.45737670249574,2,3,2,0,1
29,62,587,56,3,39.887328805967634,1,3,2,0,1
51,45,639,69,22,25.516157476113193,2,2,3,1,0
50,33,379,84,27,42.556839983336104,1,2,2,1,0
65,88,668,20,15,27.62968580628207,3,2,2,1,1
40,27,544,6,11,5.0,1,1,3,0,1
41,70,789,48,20,37.943989580991655,0,1,3,1,1
54,20,622,6,16,9.860760281785073,4,3,1,1,1
52,74,744,42,39,50.202412451865904,1,1,1,1,1
61,79,761,57,12,18.037697848471502,0,3,2,0,1
57,81,758,43,31,5.0,4,3,3,0,1
39,56,593,46,36,8.460632587155303,0,2,1,1,0
44,91,592,24,14,34.377850125671216,2,3,2,1,1
52,106,627,69,11,37.79761718360104,2,2,1,0,0
18,53,713,23,14,13.810447755344011,0,3,2,0,1
52,50,598,5,33,18.914176178865787,1,3,3,1,1
54,62,638,44,5,34.87896668170428,2,1,2,0,0
64,50,677,72,16,49.58341636955947,1,2,2,1,0
31,47,559,51,19,16.848767288931683,1,2,3,0,0
20,49,553,20,8,40.68762893776842,3,1,1,0,0
18,94,634,52,4,8.919640565312832,2,3,3,0,1
22,75,647,60,22,39.73833105056801,3,2,1,0,0
43,50,693,52,32,46.33688121583915,1,2,2,0,0
31,20,717,43,37,42.863099160837585,3,1,2,0,1
56,29,540,62,13,49.91596671031546,1,2,2,0,0
44,70,568,6,16,48.91613600793264,1,3,3,0,1
26,20,552,27,18,60.0,5,2,3,0,0
32,65,791,17,32,36.6292762858863,2,2,3,0,1
32,38,637,83,0,60.0,3,2,1,1,0
43,61,651,67,12,20.83851364870126,2,1,1,0,0
59,61,655,54,26,31.919873844177882,2,2,2,0,0
30,62,578,13,5,33.274952404398995,4,1,3,0,0
68,52,806,68,5,19.35823311214757,4,1,2,1,0
49,51,691,84,32,5.0,0,1,3,0,0
56,45,653,64,29,48.03947542717476,3,3,3,0,0
66,69,539,49,34,21.050987691460122,1,3,2,0,1
69,76,533,65,22,28.987564890755813,1,1,3,1,0
49,35,619,56,9,58.76877897156042,2,2,3,1,0
21,58,580,73,18,43.58127613209217,0,1,3,0,0
47,63,543,72,27,60.0,0,3,2,0,0
54,63,612,44,22,36.807965511444095,2,2,3,0,0
40,63,628,33,3,43.33239090946563,2,2,1,0,0
56,51,664,40,19,31.38992663749625,0,2,2,1,0
62,65,599,63,18,22.269555518352174,1,2,1,0,0
32,72,549,41,26,43.27689431202968,2,2,1,0,0
60,62,552,31,33,28.461481852542647,1,1,3,0,0
46,70,771,49,3,44.667829493655866,1,1,2,1,0
53,79,524,77,37,26.442964730176715,3,2,1,1,0
30,22,686,53,6,32.36925120971724,2,3,1,1,1
49,78,701,43,6,33.57076242049136,1,2,3,0,1
24,66,637,58,25,51.15447537568488,1,1,3,0,0
68,37,826,52,25,28.634770381613944,2,3,1,0,1
39,76,700,5,18,52.80485179388927,1,1,3,0,1
45,52,834,67,8,21.427223893990984,0,1,1,0,1
19,54,584,60,19,39.0478638750441,0,3,2,0,1
59,49,586,50,15,24.685990586168167,2,2,2,0,0
62,66,702,76,16,51.736187333595645,0,2,3,1,1
23,44,623,80,21,22.720047566967196,1,2,3,1,0
45,78,818,69,12,24.249008842667486,1,2,1,0,1
45,57,684,28,11,16.1554634975714,2,1,2,0,0
61,52,545,29,9,36.54560921729032,1,2,1,0,0
61,75,476,77,0,43.86573057274025,0,2,2,0,0
37,53,642,5,31,42.246937755361955,2,3,2,0,0
47,78,641,46,29,32.836430600944176,1,3,1,0,1
28,79,681,60,7,25.09188302694023,3,2,2,1,0
45,33,771,6,20,30.819801234381558,0,2,1,0,1
42,82,757,55,21,31.392057155971955,1,1,2,0,1
56,30,592,73,17,38.78915641133,2,1,2,1,0
50,83,520,12,1,37.757792157098365,3,2,2,0,0
18,100,526,91,8,60.0,4,2,3,0,0
44,77,576,24,2,35.59454097622225,1,2,1,0,0
69,20,613,64,25,40.412014526978155,0,2,2,1,0
30,81,680,47,20,36.07183709607893,3,3,2,0,1
58,104,569,51,29,30.098996600520056,1,2,1,0,0
20,53,678,17,27,40.31111751520918,0,2,1,1,1
56,59,686,81,35,28.69009109077373,1,1,3,0,0
23,36,664,58,25,34.12674123068973,0,2,2,1,1
25,66,537,90,33,52.38902807716555,0,3,2,1,0
44,85,696,18,7,27.71960857561282,1,1,2,0,1
26,73,850,45,9,40.810159036296014,3,2,3,1,1
54,122,674,55,13,5.0,5,3,1,1,1
50,60,354,51,39,32.219841340146765,1,2,3,1,0
68,27,774,66,14,27.61821905462725,2,2,1,0,1
59,63,579,45,16,36.80390651453465,0,1,2,1,1
61,20,850,103,17,31.456448355020807,2,2,1,0,1
41,49,661,50,31,37.122766626115705,2,2,3,1,0
32,92,481,5,37,29.320005709580734,1,1,2,0,1
49,66,443,52,22,40.79502048673768,1,2,2,0,0
49,63,803,81,22,9.280369977696658,4,1,1,0,1
41,96,760,26,34,36.67118444120644,3,2,2,0,1
58,54,850,25,38,20.943811252751377,3,3,1,0,1
69,85,651,28,14,52.51799814911101,0,2,2,0,1
66,62,644,23,23,20.701790211800567,2,2,3,0,0
66,67,611,38,27,49.92831026030068,2,2,2,0,0
69,35,584,72,15,34.82701038207902,1,1,1,0,0
29,50,610,88,15,7.5685576526705916,2,3,3,0,1
56,32,671,5,39,21.855989762283144,2,1,3,1,0
19,58,565,40,38,47.71701536193979,2,1,2,1,0
20,67,483,57,5,46.86513237274383,3,2,2,0,0
66,37,665,55,1,15.50973840904377,4,2,3,0,0
54,100,563,97,12,58.44283588463878,3,2,2,1,0
66,65,326,5,8,34.63153689485174,1,1,2,0,1
34,61,705,5,33,48.27268481301442,0,3,2,0,0
66,75,539,101,16,16.822379756852744,3,2,1,0,1
19,43,716,68,26,28.16076475740404,0,1,3,1,1
19,63,713,35,28,41.238564053867826,0,2,2,0,1
45,45,678,54,36,30.30254820506554,2,1,2,1,0
40,91,850,56,21,5.0,0,2,1,0,1
54,38,636,35,23,32.13826494510717,2,2,1,1,0
49,61,621,53,6,5.529527833616875,1,2,2,0,0
50,66,718,58,33,18.939611876142123,3,1,2,0,1
18,67,644,100,11,13.956983108817322,2,1,2,0,0
36,48,766,74,22,51.98833185624808,5,1,1,1,1
19,42,523,93,14,56.695326574157335,1,1,1,0,0
61,48,524,16,32,40.12345897626214,0,1,2,0,1
43,70,726,41,12,31.548969470417088,5,2,2,1,1
49,57,533,56,22,35.425081692253926,0,1,1,0,0
23,75,710,5,37,51.977822525241415,2,2,1,0,1
49,69,687,79,31,5.248575600309405,0,2,3,0,1
21,20,580,66,34,18.873471642827695,4,1,1,0,0
28,64,686,40,0,50.060636041879434,1,2,3,0,0
34,105,526,45,4,53.184064671469,1,1,1,1,0
55,86,550,81,12,43.84581950020038,2,2,2,0,0
41,68,626,30,4,19.325426512223068,0,2,1,1,0
22,38,657,82,31,49.84323471610156,1,1,3,0,0
69,69,619,43,20,55.42149036918278,3,2,1,0,0
51,74,693,68,23,45.77375401256286,2,1,1,0,0
23,54,688,52,17,5.0,2,2,1,1,0
39,66,802,105,20,36.86892213373965,1,3,3,0,1
28,90,640,27,9,43.77860096437723,1,1,3,1,1
65,42,769,35,23,27.265740045166034,0,2,1,1,1
33,38,742,12,39,37.80015386146385,0,1,1,0,1
50,73,850,22,20,27.29811257965742,0,1,2,0,1
26,69,637,67,24,22.076099061698805,2,1,3,0,0
23,80,607,90,22,57.65886225880158,0,3,2,1,0
33,71,775,70,21,38.226030053783994,5,2,3,0,1
46,48,688,49,3,18.41030530749955,1,3,1,1,1
20,68,778,27,33,14.350999526917764,3,2,1,0,1
37,37,721,72,5,22.085268419872065,1,1,1,1,0
53,54,439,26,27,22.16639937863544,1,2,2,0,1
36,70,687,16,30,37.19795417032006,0,3,2,0,1
43,52,681,42,34,42.28335083283238,2,3,1,1,0
20,109,663,5,38,42.26730274750926,1,2,1,1,1
36,22,636,15,22,23.74832019267813,3,2,2,0,0
37,49,490,97,5,48.80946071875273,2,1,1,1,0
49,41,737,10,15,53.4176647270468,1,1,1,1,1
24,45,687,20,1,31.100549494709842,2,2,3,0,0
69,47,760,51,23,19.51893804316964,1,3,1,0,1
58,33,496,53,16,36.50423771812618,4,2,1,0,0
50,75,700,44,0,60.0,2,3,2,1,0
57,49,626,5,5,19.125536481866707,1,1,3,0,1
56,63,664,71,4,27.107550455497552,0,2,2,0,1
35,51,627,38,28,35.861510904464524,2,3,1,0,1
57,46,704,80,11,43.12496036773907,0,2,3,0,1
18,93,633,33,38,5.216300097191084,2,2,2,0,1
28,78,544,74,2,54.58831541450261,1,2,1,0,0
45,22,658,82,0,54.384379230221306,0,2,2,0,0
42,20,628,38,26,28.62809538813908,2,3,2,1,1
67,80,641,72,23,60.0,2,2,2,1,0
40,49,331,16,18,53.41558074388689,0,1,3,0,1
48,27,718,56,7,52.61674899482311,0,2,2,0,1
47,80,618,80,1,52.81329784671518,1,1,3,1,0
59,63,515,62,29,52.38074088062059,1,2,2,0,0
52,65,742,110,29,34.67135767576581,3,1,1,1,1
24,76,713,64,38,33.1856000730072,2,3,2,1,1
33,33,617,40,31,20.846448984197576,2,3,1,1,1
43,27,534,121,0,26.339423446554683,1,1,1,0,0
65,91,667,90,37,30.33653476571721,2,1,2,1,0
69,31,662,9,12,35.98190075284651,0,2,2,1,1
66,35,742,30,10,58.97444071255256,1,2,1,1,1
19,39,605,24,9,5.0,0,1,2,0,1
18,101,769,66,25,55.17401414116419,4,1,1,1,1
65,69,595,64,19,19.821860322107213,1,2,3,0,0
29,79,515,64,16,33.4322023483432,2,2,1,0,0
22,63,536,9,16,24.134032153075978,2,1,2,0,0
54,47,643,34,3,60.0,2,2,2,1,0
49,72,643,46,4,27.500633435511432,1,3,2,1,1
26,28,682,5,22,42.82171889943817,0,1,1,1,1
58,38,640,28,9,43.59900017414352,1,2,2,0,1
52,74,747,83,27,17.599898748191606,1,1,3,0,1
36,32,623,11,32,33.54844471792339,1,1,2,1,1
65,56,450,86,25,53.06489394660575,3,1,2,0,0
33,57,637,77,28,21.90147783735526,2,2,2,1,0
20,49,449,42,26,47.43448414221902,3,3,1,0,0
37,20,677,33,17,30.03380043048608,1,2,1,1,0
41,47,755,70,39,52.454810345549056,1,1,3,1,1
50,43,551,30,9,60.0,3,1,3,0,0
41,63,791,31,4,5.0,0,2,2,0,1
69,62,734,49,9,14.927973648365288,2,1,2,0,1
28,67,770,5,20,28.422355794053573,1,2,1,1,1
66,46,668,13,23,56.981366312664214,1,2,1,1,1
25,70,550,42,37,42.986990820019145,2,3,2,1,0
53,28,728,61,2,16.328726015432803,2,1,3,0,0
55,23,587,29,39,45.18380488163745,0,2,2,1,1
57,20,661,45,30,21.293979010973185,0,1,1,1,0
37,50,632,9,36,48.05797901323034,3,2,1,0,0
52,44,762,73,1,43.08447496030986,1,2,1,1,0
65,75,723,55,1,21.22832278362751,0,3,2,0,1
42,47,641,57,38,34.010683497171584,1,2,3,0,0
52,65,454,62,33,53.370256423838825,0,2,3,0,0
42,76,586,51,19,6.619440392551212,1,1,3,0,0
46,46,720,37,32,39.51663210678073,3,1,2,1,0
35,65,678,78,3,18.396510171745366,1,2,2,0,0
63,80,499,53,10,34.757185861267864,0,3,3,1,1
35,35,469,45,4,41.8664335528592,1,2,2,0,0
19,60,669,49,24,60.0,0,2,3,0,1
52,46,544,49,36,34.605533287429694,3,1,2,1,0
33,36,553,45,33,56.98288488832889,2,2,1,1,0
58,29,717,61,8,22.392527198764917,0,2,2,0,1
53,36,770,26,5,27.574699055247848,3,1,1,1,0
50,61,574,28,17,43.80587893773024,2,2,1,1,0
21,27,645,63,13,38.026415726104425,0,2,1,0,0
50,48,642,46,18,30.07371677259047,1,2,3,0,0
31,76,633,74,13,29.667283314684717,5,2,2,0,0
38,68,654,60,39,54.9994183387775,1,2,1,1,1
65,49,725,36,16,30.6733674345864,0,2,1,0,1
37,93,582,64,34,19.687260189258545,1,2,2,0,1
25,97,497,79,28,22.17686563613418,1,2,2,0,1
24,60,819,61,16,45.04851703522424,2,1,2,0,1
20,20,758,66,7,60.0,1,1,2,1,1
34,77,539,45,0,27.14025975053024,2,1,2,1,0
50,20,663,74,35,60.0,1,2,1,0,0
65,89,751,35,6,34.837388486602634,3,3,2,0,1
29,81,724,58,4,30.802816550305472,0,1,1,0,0
68,95,696,114,23,21.34584392552372,1,1,1,1,1
39,65,632,63,27,32.02979299626275,0,2,1,1,0
39,52,822,39,16,23.65789039771942,1,2,2,0,1
63,50,672,39,36,22.45428763983974,4,2,3,0,0
47,49,598,48,19,10.219245985915062,1,2,2,0,0
55,79,737,71,2,60.0,1,2,2,1,0
55,74,659,53,36,50.96578912300968,0,2,2,0,1
62,62,684,33,25,39.07400551433742,3,3,1,0,1
68,45,670,33,14,32.83976057473878,2,1,1,0,0
25,112,699,53,7,34.916295533498044,0,3,3,0,0
44,78,552,51,12,23.346366066614422,2,1,1,1,0
44,28,504,61,2,17.992227500231518,0,1,2,0,0
51,49,793,72,0,45.761211698463626,0,2,1,0,0
38,78,674,118,8,31.066659573616107,2,2,3,1,0
47,44,727,13,30,39.88603569543336,2,3,3,0,1
50,67,474,67,25,10.063415545652198,0,2,1,0,0
45,79,756,52,16,30.26856797037995,2,3,2,0,1
64,20,597,5,33,17.699602933438296,3,1,1,1,0
50,57,569,81,8,42.26083628517404,1,1,2,0,0
22,58,643,60,12,49.929167788657786,1,2,1,1,0
65,51,552,69,4,56.89549083820729,1,2,1,0,0
36,66,649,7,12,25.565304005812123,2,2,1,0,0
21,73,636,44,0,18.081513619514464,2,2,3,1,0
52,62,756,23,24,28.721095880415984,2,1,3,1,1
66,52,801,104,3,24.510306169794315,2,1,1,0,0
34,72,798,78,35,41.46850064219656,2,2,2,1,1
61,60,423,32,9,13.958265618111469,2,2,1,0,0
45,55,556,11,27,8.684074065788902,0,2,1,1,1
47,33,422,54,5,29.803275539639383,1,2,3,0,0
46,28,530,77,26,45.897590965991355,3,3,1,0,0
63,33,585,6,11,19.588149633640707,1,1,2,0,1
23,65,691,26,2,47.73669943409614,3,2,2,0,0
52,58,598,22,32,40.48006601040401,0,2,1,0,1
58,30,600,71,9,58.201933801090604,3,2,2,0,0
54,72,668,40,30,22.96618000344366,3,2,3,1,0
41,87,479,41,14,10.902921998047063,2,3,2,0,1
46,48,566,54,6,43.978126403226625,0,2,1,0,0
66,25,599,28,35,39.1981180676714,1,1,3,1,1
63,45,629,13,13,38.03747010791779,1,1,3,0,1
48,77,657,84,13,19.282584436185765,3,2,1,0,0
52,70,800,86,2,46.62725910988496,1,2,1,0,0
50,41,740,54,2,25.49861289387393,2,1,1,0,0
69,90,573,56,21,38.030907180149484,0,1,1,1,0
38,86,623,81,18,28.106478323735875,1,2,2,0,1
49,45,617,53,34,40.31572385426503,1,2,1,0,0
40,45,598,39,11,17.073043230275154,1,1,1,0,0
50,48,677,50,4,42.4951746086899,2,2,1,0,0
20,49,464,84,9,44.86383889285914,1,2,2,0,0
35,79,738,51,32,36.739672374240456,0,3,2,1,1
42,68,819,33,12,59.658450878025405,0,1,2,1,1
59,77,623,53,34,38.107404812185706,0,2,1,1,0
48,73,621,66,31,48.78130640055003,5,2,2,0,0
20,94,665,63,10,36.38625196698571,0,1,1,0,1
57,38,751,63,37,47.440982960070826,3,2,3,1,1
63,67,617,29,23,12.000435265078632,2,1,1,0,0
41,20,743,69,34,35.494171960626296,2,2,1,1,1
67,33,698,50,18,18.095969558024578,1,2,1,1,0
49,58,850,32,5,37.10640793417677,2,1,1,1,0
64,68,617,69,39,40.76289065015109,1,1,1,0,0
39,57,452,38,34,47.112464195687814,0,2,2,0,0
40,48,506,10,3,42.348648896083716,1,1,3,1,1
19,52,651,24,32,29.94720552834289,2,2,1,1,0
44,87,752,45,12,23.696067674587844,0,2,2,0,1
59,52,584,64,35,5.0,1,3,2,1,1
19,94,626,28,18,36.032788667758275,3,2,1,0,0
43,75,718,43,11,52.06792571463551,1,2,1,0,1
34,69,553,19,10,36.62590199972292,3,1,1,1,0
57,36,588,74,5,33.72872463157683,1,1,3,0,0
50,78,533,92,11,37.14585932824116,0,1,3,0,0
26,50,767,90,26,29.184359000853547,0,2,1,0,1
60,36,804,74,24,37.92451828760832,2,2,1,0,1
65,70,492,71,2,28.92554508031113,0,2,2,0,0
56,32,635,5,2,21.516779014676285,1,2,2,0,1
46,44,790,54,19,33.87052108037127,2,2,2,0,1
59,59,689,37,27,33.54345589077999,2,1,1,1,0
43,104,601,72,22,60.0,1,1,3,1,0
52,46,495,5,2,22.91465010496833,1,3,2,0,1
67,50,765,54,23,32.60837443972996,2,2,1,0,1
42,74,686,44,39,31.150020104577187,2,2,2,0,0
41,35,502,77,5,28.284757511293382,2,2,1,1,0
30,68,768,88,19,42.69657858659977,1,2,1,1,1
24,84,489,26,10,60.0,2,1,2,1,0
53,53,627,27,31,30.187592049940857,2,3,1,0,0
62,80,623,55,26,42.73841737429308,0,2,2,1,0
37,65,811,93,20,6.314420135791828,0,1,1,0,1
18,45,623,51,12,29.097057050239528,2,3,2,1,1
25,56,623,18,21,58.328617094183,0,2,1,0,1
63,52,513,34,34,34.17529409828028,2,2,2,0,0
33,58,585,55,21,42.535100225139374,2,1,1,1,0
31,63,568,56,27,25.658732958062167,2,1,1,1,0
29,71,573,32,20,38.86335787784698,2,1,2,0,0
68,70,650,34,17,59.49164370179122,1,1,2,0,0
40,20,406,25,30,17.598755565963465,0,2,2,0,1
32,58,498,78,36,60.0,1,2,2,0,0
45,29,638,29,20,11.81083727158937,1,2,3,0,0
51,54,662,38,13,27.717472347717376,1,3,1,1,1
19,57,626,37,24,22.461242228306222,1,1,2,0,0
49,79,645,9,26,30.913085273491347,1,3,2,1,1
40,59,609,28,39,22.26645687013888,0,3,2,1,1
39,65,648,80,22,21.129205047605772,0,2,2,1,0
68,75,693,19,30,17.19880091732569,2,1,3,1,0
42,84,692,25,28,44.66080442834331,2,2,2,1,0
39,57,581,16,29,31.430630060891293,0,2,3,0,1
39,61,741,47,25,27.507343704507385,2,2,1,0,1
66,60,665,97,19,39.233853658732414,1,1,2,0,0
69,49,773,46,37,12.580467333641607,1,2,1,0,1
59,44,793,51,18,39.59558815949519,1,2,1,0,1
23,20,505,30,26,33.59345898468131,1,1,2,1,1
32,38,564,48,24,34.05443254956158,3,2,2,0,0
60,24,731,80,39,42.78750126360418,2,1,1,0,1
54,85,483,53,37,59.65286013190238,0,2,1,1,0
50,63,792,103,22,39.84462112932288,3,3,2,0,1
25,57,615,81,28,32.00188238292826,1,1,2,0,0
61,45,707,47,14,17.260334186360982,2,2,1,1,1
61,60,638,47,2,5.0,4,1,1,1,0
22,43,510,90,9,36.91826250744294,3,2,2,0,0
56,63,755,53,14,16.10549989728699,1,3,2,1,1
21,64,850,85,15,5.0,1,2,1,0,1
23,42,598,100,16,29.73694365351114,0,3,1,0,1
62,42,617,44,18,38.592226036428166,4,2,1,0,0
49,79,385,58,10,46.16455724803912,0,2,3,1,0
69,58,785,74,4,50.918760704067836,2,3,2,0,0
47,44,741,69,4,48.135682453925725,3,1,1,1,0
64,52,476,69,13,48.538625444061005,3,1,3,0,0
52,39,443,16,25,12.978949811170207,2,2,1,1,0
57,58,455,28,7,32.75606543889863,0,2,1,1,1
69,76,714,37,4,43.697533498919185,2,2,3,0,0
33,59,724,80,6,35.695619227179506,0,1,3,0,1
30,107,557,19,15,32.67276085126249,2,3,2,1,1
67,68,699,88,13,35.42135029868463,1,2,2,0,0
59,64,665,69,36,38.68300997313725,0,3,1,0,1
47,41,613,78,3,33.84659441846509,2,2,3,0,0
36,55,747,26,35,22.305809638863998,1,2,2,0,1
34,44,529,51,16,9.457638392935639,1,3,1,0,1
36,20,764,57,35,31.939592577931368,1,2,2,0,1
45,79,577,56,5,35.862241314579116,1,3,3,1,1
43,49,828,57,15,35.698693722139126,3,1,3,0,1
54,44,549,43,28,49.29381595373317,3,2,2,0,0
43,64,614,53,35,51.95909451534389,3,3,2,1,0
40,70,655,75,37,33.439657943461356,4,3,1,1,1
26,53,655,20,36,33.547027452547866,1,1,2,0,1
29,59,699,88,9,43.59692899355976,1,1,2,0,0
18,74,521,74,35,41.39822569276963,2,2,1,0,0
18,52,646,25,28,28.361626972979984,0,3,3,0,1
64,66,663,59,13,44.88520754208163,3,2,3,1,0
51,26,597,72,3,32.80438386575777,2,2,1,1,0
49,35,690,19,35,33.12333891949658,0,2,3,1,1
65,72,515,51,12,41.50420692632961,2,1,2,1,0
42,34,617,48,17,30.482500703851148,1,3,2,0,1
57,64,574,33,32,36.42008761235005,2,2,3,1,0
62,57,617,52,20,39.46316459662324,2,2,1,1,0
18,52,794,34,15,47.25767839199315,1,2,2,0,1
33,43,796,84,14,46.222108704129134,1,2,1,0,1
56,78,777,34,4,39.005667151524946,0,2,2,0,1
22,94,603,69,5,5.0,3,3,2,0,1
39,66,740,8,37,38.65026229581804,0,2,1,1,0
46,66,661,45,2,40.96828893418866,2,2,1,1,0
20,46,654,50,11,44.01393270695567,0,1,1,1,0
29,36,642,45,35,20.659625559019275,3,3,1,1,1
43,59,825,40,32,5.0,2,1,1,1,1
33,40,786,33,35,47.092550161755,1,1,2,0,1
68,24,724,68,32,16.632101098055646,1,1,3,0,1
54,76,632,74,30,53.33254316476723,0,2,3,1,0
39,77,653,47,20,26.32022171286755,0,3,3,1,0
46,42,703,22,26,19.592405624721458,3,2,3,1,1
31,64,597,94,26,40.2443295880398,3,1,1,0,0
45,80,743,28,7,44.2426412750658,1,1,2,1,1
22,64,557,13,36,43.34867033113367,0,2,2,1,1
64,36,689,5,31,42.524156089038655,0,1,1,0,1
66,55,421,52,25,24.383145391200507,1,2,2,1,0
47,86,594,44,1,12.096353055692077,2,2,2,0,1
63,64,850,75,11,29.15503407051324,1,3,3,0,1
69,70,753,65,21,17.81438317976767,1,2,2,1,1
22,66,803,57,16,41.48823027349155,4,1,3,0,1
29,42,583,43,6,48.113717162256194,3,3,1,0,0
33,47,660,77,3,37.59044975178204,1,2,1,1,0
43,66,778,96,36,34.985827783408766,3,3,3,1,0
43,76,713,75,37,30.343511322324023,3,1,1,0,1
65,81,700,38,31,49.70523904308193,2,2,1,1,0
38,42,813,69,10,7.542968920334992,2,3,2,0,1
56,68,545,39,0,16.907734400047634,3,1,3,1,0
53,83,631,22,24,60.0,4,2,1,1,0
50,40,474,27,23,16.175609437944996,2,1,1,0,0
47,89,540,41,16,42.96555248705117,5,2,2,0,1
54,92,757,52,7,46.05185162475381,3,3,2,0,0
40,112,558,101,26,6.1062339322750425,1,2,1,0,1
27,64,723,27,17,8.985531857950033,0,3,3,1,0
22,64,815,83,26,53.9707151089535,1,2,2,0,0
53,76,632,42,21,20.40584502117889,2,3,3,0,1
51,75,701,5,15,20.81552570352769,0,2,1,1,1
69,82,724,37,1,27.18685777476324,4,1,2,0,1
48,75,527,79,4,20.442769352310236,1,2,3,0,0
27,57,588,58,17,42.89401518016744,4,2,2,0,0
36,84,549,60,2,17.269436614147402,0,3,1,1,1
49,38,596,83,26,5.513592078387916,2,2,3,1,0
18,60,721,24,16,52.34534775786177,2,2,2,1,0
22,91,590,23,15,18.00633850710544,0,3,3,0,1
62,34,646,5,5,23.719718499996056,2,3,1,0,1
21,46,545,71,6,47.447869019336814,1,2,2,0,0
33,73,772,64,13,36.0536583263242,3,3,3,0,1
41,67,595,68,37,51.685118879155006,3,2,2,0,0
33,42,802,20,39,47.677131574800995,1,1,1,0,1
19,51,656,9,14,28.19854031512315,0,1,1,0,1
66,36,509,17,32,50.32879823729026,2,3,1,1,0
45,79,632,26,26,37.51659721689584,1,1,1,0,1
49,54,543,88,28,26.02418136964483,2,2,2,0,0
44,95,708,75,36,39.35602434452772,1,3,1,1,1
37,61,623,38,4,15.358062202362596,0,1,1,0,0
41,55,666,57,28,47.50771553713086,0,3,1,0,1
29,53,613,33,31,45.56178182521709,2,3,2,1,0
67,55,594,59,5,36.80537662225754,0,3,2,1,1
52,62,552,21,1,6.225904626440279,2,1,2,0,0
50,110,733,68,5,52.31607180677673,1,2,3,1,0
50,53,632,28,3,41.55639026386187,3,3,1,0,0
68,53,618,70,28,34.655624796831724,1,1,2,1,0
60,61,630,39,24,32.2900028123144,1,2,1,1,0
54,81,582,30,8,26.949211590415956,0,2,1,0,1
29,31,618,90,2,29.832938562198173,1,1,2,1,0
20,69,670,54,25,46.53825039342709,0,3,3,1,1
18,43,546,41,26,27.24910935666469,1,2,1,0,1
50,71,561,68,35,30.88546785805381,1,1,1,1,1
57,50,787,16,31,33.08610085539743,1,1,2,0,1
27,20,613,77,0,33.49704108169908,0,1,2,0,0
60,67,594,46,15,25.73282125660468,1,1,2,1,0
61,67,515,65,10,32.447008341824045,3,2,2,0,0
46,48,735,11,25,40.14970918851732,2,1,3,0,1
30,47,544,40,39,21.42793100298205,3,2,1,1,0
29,33,648,50,0,32.51644074077057,0,3,1,1,1
48,75,479,75,25,60.0,2,2,1,1,0
63,77,731,67,27,34.05283489692886,2,1,2,0,1
19,42,767,40,8,21.043654327070314,2,3,1,0,1
68,49,698,57,21,19.288822740607266,2,1,3,0,0
67,58,496,81,7,16.022073919509623,5,3,2,0,1
52,105,733,45,26,59.40674842508385,2,2,1,1,1
40,70,567,42,38,50.12033584574519,2,2,1,1,0
34,41,532,5,18,15.655623988636787,0,2,2,0,1
43,66,611,43,24,38.2055944150736,1,2,1,0,0
25,32,609,6,37,53.372540880543625,2,3,3,1,0
46,74,599,47,20,34.39297832888795,1,3,2,1,1
43,93,777,74,23,27.62578995908097,4,2,1,0,1
27,93,850,5,23,60.0,1,2,2,1,1
43,74,513,80,18,6.419827645117202,1,3,1,0,1
51,48,581,41,1,60.0,1,2,2,1,0
68,33,664,49,13,35.89998813284759,1,3,1,1,1
58,31,611,37,31,54.356451954417764,4,2,2,1,0
24,20,689,7,31,16.990802310765115,0,2,2,0,1
21,73,741,30,27,24.116235529260337,0,1,2,0,1
67,57,724,102,38,18.80064885920299,1,1,2,0,1
62,78,710,22,39,33.48453231486313,2,2,1,1,1
28,88,815,10,39,39.61589210163141,3,2,2,1,1
46,61,491,53,12,51.00202994903934,0,2,2,1,0
53,62,798,47,11,9.328166024468462,2,2,2,1,1
42,50,608,41,7,37.353259066131336,0,2,3,1,1
38,53,728,50,14,48.42363301923963,2,3,1,0,1
53,74,547,66,25,51.232789567464955,2,1,2,1,0
27,56,559,35,11,28.39221077564858,1,2,2,0,0
54,53,716,54,26,28.57885703955328,2,1,2,0,1
26,59,457,75,17,33.61963190247279,2,2,2,0,0
41,77,748,25,35,37.79079056615385,0,1,1,0,1
52,46,775,5,26,54.53896717437368,3,2,2,1,0
66,58,667,66,8,16.8485655881448,1,2,1,0,0
52,64,664,112,38,23.206194145901758,2,1,2,0,0
65,83,566,49,0,15.028830340318518,1,2,2,1,1
53,55,717,55,6,41.41631127557516,2,3,1,1,1
35,45,684,42,25,51.52052288392071,2,1,2,0,0
66,50,557,89,6,13.685498684445811,5,2,1,0,0
56,81,610,48,6,36.33054960344306,2,2,2,0,0
49,100,634,45,7,50.43504859967244,1,2,2,1,0
41,33,610,72,15,46.76820204429548,3,1,2,1,0
40,38,513,37,2,46.59130786797735,0,1,3,0,0
49,56,719,17,9,17.151868656601277,2,2,2,1,1
54,62,625,72,6,46.541516163772016,1,1,1,0,0
29,75,651,35,20,32.21111723472483,3,1,3,0,0
66,42,592,25,36,51.05242721831421,1,2,1,0,1
30,38,697,102,30,41.737498328520985,0,2,2,0,0
40,62,669,45,22,22.767488550354784,0,2,3,1,1
42,54,771,62,26,39.18217933331759,0,2,2,0,1
52,78,698,50,21,47.277740906786185,0,2,1,0,1
58,69,629,27,38,27.404538963827484,0,2,1,0,1
47,71,576,67,26,36.932029881814195,0,1,1,0,0
34,57,736,57,3,14.950856345765278,3,2,1,0,0
66,107,621,33,23,43.235479019460186,2,2,1,0,0
37,43,632,60,22,34.156044295609256,5,2,2,0,0
65,72,632,37,18,48.71129588944293,0,2,1,0,0
42,34,609,22,2,42.813002088160694,0,2,3,1,1
39,38,634,19,26,28.892402090926762,1,1,3,1,1
30,47,842,56,2,22.304466674741906,0,1,3,0,0
36,92,545,40,27,18.853997490114743,2,2,1,0,1
66,65,568,87,16,27.388670008268658,1,2,2,1,0
53,48,788,48,30,48.30645054178637,1,1,1,0,1
29,67,612,30,9,8.6559896944403,3,3,1,0,1
58,60,604,53,21,19.464128335416042,2,2,2,1,0
36,50,753,17,29,47.884991399855615,1,2,3,1,1
29,32,507,47,20,54.93428404627124,1,2,1,0,0
26,88,732,57,35,20.25261975164414,2,1,1,0,1
24,64,654,54,22,19.29786390827649,1,2,1,0,0
45,103,696,82,37,56.10740359357856,1,2,2,1,0
31,78,694,114,11,33.14608370648928,0,1,3,0,1
48,71,587,66,24,21.581864313092673,1,3,1,0,1
69,51,755,79,19,50.6692683408293,1,2,1,0,1
36,38,594,113,6,42.55221194905999,0,1,3,0,0
64,55,690,24,28,46.04981039952956,2,2,1,0,1
33,37,773,53,28,22.363406273604795,1,1,2,0,1
22,73,787,38,12,40.622380116189575,2,3,1,0,1
52,92,623,71,2,53.69429241384739,1,2,2,1,0
29,54,696,56,1,44.61191540972328,1,2,2,0,0
42,78,614,29,15,48.79804877529634,4,2,2,1,0
69,46,850,50,29,56.047138249443535,1,2,1,0,1
38,53,728,76,37,41.415045796330325,1,2,1,1,1
53,43,658,17,5,26.523186089262516,3,2,1,1,0
40,20,681,30,6,48.1566673029793,0,2,2,0,0
33,59,690,26,4,18.41441973649064,2,2,3,1,0
56,62,693,58,6,31.66520759183437,2,2,3,0,0
62,81,626,81,33,43.8211884369374,1,1,1,1,0
59,75,610,5,31,5.0,0,1,3,0,1
56,76,634,52,12,38.78695048019701,0,2,1,0,0
31,40,536,26,29,39.49439107891715,2,2,2,0,1
48,69,721,75,24,17.960976176565843,1,3,2,0,1
22,91,569,44,20,39.88790887623971,1,1,1,1,0
52,67,544,53,20,37.84922751884086,1,2,1,0,0
40,96,648,49,27,35.50957670575461,2,1,1,0,0
46,100,636,78,19,52.841507056427645,1,3,2,1,1
60,54,674,101,33,48.18364034775803,1,3,2,1,0
28,46,593,21,4,44.59974276070012,2,1,2,1,0
35,44,610,26,17,19.636677061357055,0,2,3,1,1
64,29,719,58,38,34.73987997224427,3,2,2,0,1
29,49,713,29,10,52.7665210955885,3,1,2,0,1
26,84,708,73,16,31.780072674780605,1,2,2,0,1
27,20,653,77,21,58.313930291203555,0,2,1,1,0
61,39,666,36,36,45.03790109602252,1,1,1,0,0
34,57,673,30,19,60.0,2,2,2,0,0
55,42,584,43,5,18.99001665522814,2,1,2,0,0
24,49,797,52,33,32.6801369206294,1,2,3,0,1
63,49,783,57,13,34.09803465487922,4,3,1,0,1
30,54,729,5,22,44.092599596528046,3,2,1,1,1
57,45,607,25,19,23.921036271762322,4,1,1,0,0
59,43,703,39,12,10.885894399452823,2,1,1,0,1
26,78,747,30,31,40.67296560467689,1,2,2,1,1
67,80,527,5,25,29.50290128119899,0,2,3,1,1
44,32,819,5,13,27.939544372997485,2,2,2,0,1
19,20,476,17,35,24.607866269581045,2,1,2,1,0
22,81,720,47,7,36.85833136776113,2,2,2,1,1
46,35,795,39,39,18.84713706568785,0,3,1,0,1
54,64,638,34,21,32.0870637944796,0,3,3,1,1
55,28,634,69,21,22.569305276182668,1,2,2,1,0
36,85,716,69,15,25.862338790203417,2,2,1,0,1
25,110,835,53,26,40.30715277159437,5,1,2,0,1
65,63,621,53,9,44.77114793154193,2,2,2,0,0
62,58,571,28,24,30.408426100423366,0,1,1,1,1
18,53,607,31,30,49.51745590258306,0,2,1,0,1
39,75,494,7,20,20.409296135943343,3,2,1,1,0
69,71,739,43,26,12.20152092499519,1,3,1,0,0
34,80,598,69,16,14.955122202262888,2,2,1,0,0
24,47,629,83,32,18.868898118292364,2,2,2,0,0
42,66,740,43,30,15.306601488255808,1,3,2,0,1
62,49,612,62,25,60.0,2,1,2,1,1
21,38,725,5,20,11.746688186053625,5,3,3,1,1
53,59,546,39,35,49.061433550953694,1,2,2,0,1
23,41,745,38,0,34.62306726339087,3,3,2,0,1
48,83,684,87,3,38.36900700376865,1,1,3,1,0
36,42,641,59,3,21.414054309343026,2,1,2,1,0
61,67,663,62,25,39.88179087342026,0,2,1,1,1
56,47,521,61,3,21.291221673939525,1,3,1,0,1
44,65,660,51,8,48.841492730426694,3,1,2,1,0
27,49,635,88,29,50.08270216781351,0,1,2,1,0
43,34,524,5,3,32.97707094701118,3,1,3,0,0
36,69,582,53,4,33.95953841968583,0,3,2,0,1
56,55,637,78,22,41.490858491402506,1,2,3,0,0
20,65,589,5,15,40.72414142086681,2,2,1,1,0
62,51,408,70,21,50.362195597004245,0,1,2,0,0
30,33,757,30,36,49.93768887815448,0,2,3,0,1
67,81,635,52,7,34.567386039813265,3,1,1,0,0
45,74,422,30,32,27.841632725675833,1,2,1,0,1
37,48,850,73,37,47.17429681792215,4,2,1,0,1
45,61,774,42,15,32.655713766688486,0,2,2,1,0
25,80,615,71,4,36.70615913429788,2,3,1,0,1
58,50,565,60,15,42.954743357766354,2,2,2,0,0
56,53,690,30,6,49.63335458113036,1,2,1,0,0
18,64,670,62,0,38.91272212862429,2,2,2,0,0
20,50,704,33,8,26.192030811891698,5,1,3,0,1
30,77,566,51,17,60.0,1,3,1,0,0
45,56,759,42,2,57.95512717315118,2,1,1,0,0
66,44,602,72,23,19.72994964121252,0,3,2,1,1
42,72,718,63,27,21.32342634613449,1,1,2,0,1
50,37,570,49,9,23.209797772113888,2,1,1,1,0
55,100,850,32,8,47.72826337572216,3,2,2,0,1
23,91,719,18,12,60.0,2,3,3,0,1
61,70,850,53,34,27.405900992431746,1,3,1,1,1
62,68,732,34,22,37.5390253687336,0,1,1,0,1
49,67,593,5,16,23.710912096011207,1,1,2,1,1
62,50,732,16,6,60.0,2,2,2,0,1
64,65,740,90,15,47.37242512814724,1,2,1,0,1
38,41,687,33,39,22.630466541442107,1,2,2,0,0
33,70,713,77,35,5.0,0,2,3,1,1
38,77,726,41,19,50.56380586642351,1,2,1,1,0
28,52,550,80,23,26.412727906783594,2,2,2,0,1
54,48,543,79,4,47.64098253816389,2,2,1,0,0
53,35,570,29,5,39.40535505275622,1,3,2,0,1
52,89,662,5,27,7.485559509139218,2,1,2,1,1
36,49,627,5,4,22.89834902289458,2,1,2,0,0
37,56,552,29,38,29.687829690708824,1,2,2,0,1
35,66,727,97,37,24.86315016123008,0,1,1,0,1
64,65,678,39,1,36.74252427328077,2,1,2,1,0
58,74,666,53,38,41.02072169226978,1,3,2,0,0
66,52,624,82,20,60.0,2,2,1,1,0
31,37,612,52,39,42.08320215314702,0,2,3,1,0
32,33,565,51,36,57.36651598579814,1,2,1,0,0
48,48,743,65,17,27.84774821688058,1,2,2,0,0
18,40,579,57,11,52.47820120270513,1,3,1,1,0
20,53,670,47,16,29.28202864265107,1,1,2,0,0
33,86,816,31,36,21.24474797786568,0,2,1,0,1
40,52,616,51,37,20.61084862683147,3,2,1,1,0
28,52,746,77,14,5.0,1,2,1,1,1
29,59,706,94,6,47.811239344102376,1,2,2,1,1
27,51,681,57,13,15.647074454899869,2,3,2,1,1
49,58,693,68,0,56.12217851920576,1,2,2,0,0
33,70,640,56,37,32.386692465191885,1,2,3,0,0
25,77,653,47,2,11.67702877797861,0,2,3,0,0
55,80,595,62,36,18.23404755439287,1,3,2,0,1
29,101,654,79,30,37.85952413471496,1,2,2,0,0
41,71,591,27,12,6.80063791184174,2,2,1,0,0
45,104,750,13,17,43.84917510431545,5,2,3,1,1
25,44,480,36,16,12.255015679108247,1,1,3,1,0
45,101,698,55,16,23.915355022032152,5,1,1,1,1
53,52,683,71,10,37.98080503062336,1,3,2,0,1
43,54,674,25,19,42.01416035259797,0,2,3,1,1
25,57,752,5,9,46.96579694391406,2,1,1,0,0
67,55,621,37,28,15.401809797303699,2,3,1,0,1
45,61,675,45,33,30.373208104817373,2,2,1,1,0
45,48,478,20,16,51.39499252976187,1,2,1,0,1
54,76,608,31,12,30.37682050975804,2,1,1,1,0
58,48,735,71,38,39.41411676806693,4,3,1,0,1
53,73,516,51,26,37.43658887666103,3,2,1,0,0
44,90,665,58,25,54.51855726936738,3,2,3,0,0
34,52,582,41,27,28.011362087365686,0,1,1,1,0
26,75,638,31,12,14.150766069454466,1,2,2,0,0
50,71,588,40,11,20.48192164796152,2,1,1,1,0
37,105,525,62,27,37.83265969975283,1,3,1,1,1
30,49,688,12,1,11.45688880504914,2,1,3,1,1
45,75,645,91,36,26.83379022398791,2,2,3,0,0
65,27,711,64,33,36.13124589461297,0,1,2,0,1
46,50,729,36,22,23.501118430348882,3,1,2,1,1
30,67,772,70,28,39.902798716300005,2,2,2,1,1
63,87,663,80,34,45.866176435224276,1,2,1,1,0
52,35,776,41,10,41.823628999290115,3,2,1,0,1
23,75,552,44,32,11.787425599216583,1,3,2,0,1
35,58,740,87,10,36.18773281354441,4,3,3,0,1
68,29,695,102,8,37.36163460258125,0,1,1,1,0
22,63,673,50,13,29.28604822681261,0,3,2,0,1
64,94,694,21,8,39.69966519284557,5,2,1,1,0
42,37,553,38,38,39.16136863618411,0,3,1,1,1
19,57,530,75,2,33.6368714470555,1,1,2,0,0
27,40,820,24,28,19.935924829800207,1,3,1,0,1
47,50,633,44,18,34.60068571549801,1,1,3,1,0
67,88,631,57,35,60.0,1,2,2,0,0
62,54,539,26,31,29.11539456476461,2,1,1,0,0
22,88,501,77,6,50.7095818726401,2,1,2,0,0
50,82,641,67,27,35.58285530851431,0,2,2,0,0
18,52,615,100,17,22.989065369954623,0,3,1,1,1
35,49,650,69,4,30.551049526709296,3,2,2,0,0
49,42,658,25,22,34.74694439437848,0,1,2,0,1
64,41,850,63,21,44.82817199418358,0,1,1,1,1
66,67,616,74,25,60.0,1,2,3,0,0
28,59,807,75,11,35.8199690902141,3,3,1,0,1
38,47,814,30,39,16.53711153062665,2,1,1,1,1
43,29,725,27,18,10.181338980827242,1,2,2,1,1
42,62,626,21,0,28.673231460076007,0,1,1,0,1
39,50,513,90,2,18.078681500250696,2,2,2,0,0
44,56,697,65,26,43.368594463088954,0,1,2,1,1
66,66,751,29,17,43.478835852596234,0,1,1,1,1
30,20,824,53,29,32.810368515384695,1,1,3,0,1
50,29,555,46,1,44.86079656849407,0,1,2,0,0
51,105,625,25,4,35.97139021653803,3,1,2,0,0
58,49,555,50,28,60.0,1,2,1,1,0
52,20,586,54,32,44.3918741953255,1,1,1,0,0
18,31,716,98,19,48.434256142224044,2,1,2,1,1
38,109,582,33,29,13.278088837696423,1,1,3,0,1
65,45,567,7,4,17.431468291561426,1,3,1,1,1
23,83,729,23,20,42.182576391567096,3,2,2,1,1
45,62,695,27,14,11.761647376905053,1,2,2,0,1
34,50,685,39,19,25.632862356873467,1,2,1,0,0
22,75,584,23,7,52.691189196325816,2,1,2,0,0
48,20,779,70,30,25.312163004418075,1,1,1,0,1
22,31,651,22,11,16.85400940569334,2,2,1,0,0
55,50,850,50,20,45.01314966958722,4,2,1,0,1
20,33,666,100,29,60.0,2,3,1,1,0
40,48,416,63,26,22.870322647061926,1,3,1,1,1
54,77,412,61,25,53.36038697214255,1,2,3,1,0
54,62,712,96,32,21.00237550153193,2,2,2,0,1
27,86,780,81,25,33.3129832833948,0,1,1,0,1
27,63,571,64,25,33.963005904482806,2,1,2,0,0
36,79,850,42,35,23.270273898770505,3,3,2,0,1
34,58,816,49,39,48.13092967322208,1,1,1,0,1
38,48,671,48,0,11.904186342138424,1,3,1,0,1
31,89,703,39,14,37.925714152386185,1,2,1,1,1
26,45,739,55,0,51.11246867289392,1,2,1,0,0
63,66,838,58,10,46.88245203866306,1,1,3,0,1
18,75,718,18,1,42.36822591178487,5,2,2,0,0
68,76,668,90,0,58.779490898020065,2,2,3,1,0
62,36,717,60,30,31.705739493789718,3,2,2,0,1
30,81,703,43,15,12.12910777074914,0,1,1,0,1
21,40,742,55,21,37.0281032835793,1,1,3,0,1
18,76,492,73,17,33.113565341679646,1,2,1,0,0
66,70,681,13,16,5.0,0,2,1,1,1
57,76,696,47,29,18.12348109237419,0,2,2,0,1
49,35,642,20,9,16.21060945524569,1,2,1,0,1
51,71,728,116,34,22.78200611730726,2,2,1,0,1
45,81,842,53,20,29.732386038519607,2,2,2,1,1
48,63,663,20,15,30.30689058193412,1,1,3,0,1
25,43,719,139,5,23.317929070949162,2,2,1,0,0
56,78,810,36,2,16.190921881494923,2,1,1,0,0
43,62,666,44,20,40.66177563138614,2,1,2,0,0
51,26,561,46,12,36.74857791834021,2,1,2,0,0
20,42,711,28,17,37.20007247985562,5,2,1,0,1
67,49,429,56,23,60.0,1,1,3,0,0
29,90,420,5,26,37.443110803096786,2,1,2,0,0
18,86,683,77,3,29.500133415792508,1,2,2,1,1
61,86,415,21,21,33.41291011368243,1,1,3,0,1
22,64,518,39,23,36.482288317693765,0,2,3,0,0
47,78,611,68,39,44.23690022317046,0,2,1,0,0
47,37,577,44,9,34.32919359736039,2,3,1,0,1
34,60,635,45,1,5.856186492263209,0,1,2,0,0
65,69,761,24,39,28.4487781512616,1,1,3,0,0
64,38,673,102,5,35.0223976304518,4,2,2,0,0
40,64,566,63,17,54.56302348477472,1,2,2,0,0
32,93,785,22,16,23.211565310804204,0,1,2,0,1
54,71,507,54,37,10.471087090690567,0,2,1,1,0
38,78,672,21,22,35.96565809841087,1,2,3,0,0
31,20,495,93,29,47.99355382263069,0,1,2,0,0
19,91,675,54,20,29.098655878964063,2,2,3,0,1
28,56,618,25,9,60.0,1,1,2,0,1
68,44,758,67,12,60.0,3,3,3,0,1
56,56,722,43,11,33.91290928176624,1,2,1,0,1
55,30,591,17,8,37.8006973524983,1,1,2,0,1
51,80,572,59,3,55.53097211312965,1,2,3,0,0
55,53,618,58,38,33.65247909304805,3,3,2,0,1
67,45,837,78,23,22.93867224119724,1,2,2,0,1
51,56,811,51,33,48.33397859352893,1,2,1,1,0
35,82,553,52,38,41.966192636529435,2,2,2,1,0
47,62,730,54,4,22.889827819762814,1,2,3,1,0
32,31,476,89,14,39.187462553746386,5,1,1,0,0
44,69,605,42,3,32.599092220875825,3,1,2,1,0
68,41,557,61,38,29.223564629864498,3,2,2,0,0
51,20,756,65,7,23.21240557499237,1,2,1,1,1
69,89,520,58,23,36.821046674338234,1,1,1,1,0
55,69,692,41,27,31.01213949665769,3,2,2,1,0
50,58,650,53,26,39.270598651380936,1,2,1,0,0
41,53,632,47,0,47.297564330974645,4,2,3,0,0
32,87,817,98,33,38.47349554146346,0,1,2,0,1
47,121,825,38,16,38.73026899064489,0,2,1,0,1
59,68,635,27,36,26.88234397748785,3,2,1,0,0
68,39,615,49,37,52.61534021772302,2,2,2,0,0
34,56,499,48,25,22.272060185318495,2,1,2,0,0
22,68,649,54,23,10.820119972878071,1,2,1,1,0
46,20,845,38,38,18.935247790938696,1,3,2,0,1
21,66,637,52,20,50.513958671493086,1,2,3,0,0
27,68,722,53,29,41.88346730297411,1,1,1,1,1
34,86,510,72,12,54.67913934398084,2,2,1,1,0
27,84,606,52,36,15.154227122500465,2,1,3,0,1
34,62,696,52,2,60.0,3,1,1,0,0
37,90,660,62,31,30.7447372213947,1,1,3,0,0
41,100,732,71,34,8.594847973379128,3,1,1,0,1
22,60,589,25,18,60.0,3,2,1,1,0
51,68,475,18,13,15.34846607690995,1,1,1,1,1
23,24,762,92,21,29.0315642972418,1,3,1,0,1
19,30,556,67,16,31.913716393405007,1,2,1,1,0
30,43,700,44,3,41.66124713750493,0,2,1,1,0
60,51,695,50,39,23.13044786099954,1,2,1,1,0
60,38,483,40,18,50.589698431636656,1,2,1,1,0
65,59,754,55,36,46.30454254266114,0,2,2,0,1
28,51,593,25,1,35.28600229670699,1,2,3,0,1
68,81,655,71,14,54.86494151692244,2,3,3,0,0
64,50,614,54,1,33.982149187428924,0,2,2,1,0
40,20,812,55,10,30.865312197369395,2,2,3,1,1
33,62,784,27,22,60.0,1,2,1,0,1
48,59,468,63,9,39.436040634348316,1,2,1,0,0
28,42,850,28,2,20.21522925810997,1,1,1,0,1
33,61,582,32,4,22.245960797047896,2,1,2,1,0
25,38,850,52,2,35.28437210979128,1,3,3,0,1
21,66,624,112,37,5.0,1,1,2,0,0
57,112,615,54,12,25.505158021773674,1,3,1,0,1
21,23,625,5,18,33.49409017299678,0,1,2,1,1
42,49,609,33,39,32.49203719523426,0,2,1,1,0
20,46,850,67,34,16.138351283850334,0,2,2,0,1
49,51,642,21,23,28.272263128402024,1,1,2,0,1
20,80,619,70,23,52.697058457480786,0,2,1,1,0
44,70,657,53,16,49.59723245514331,3,2,1,1,0
46,76,553,74,39,36.43424592093536,1,2,2,0,0
49,60,809,36,9,33.96635035413513,3,2,2,0,1
67,33,502,34,1,32.57559877307157,2,1,1,0,0
68,37,588,64,22,38.54465093892385,2,2,2,0,0
36,74,743,49,5,36.53853267011765,2,1,3,0,0
38,63,654,48,1,39.862114563065404,1,2,1,0,0
22,85,704,89,20,42.52691262408283,1,3,1,0,1
35,65,803,65,34,16.83338766219199,2,2,2,1,1
45,36,750,5,28,30.345969625779492,2,2,2,0,1
59,49,663,69,6,37.96868614844297,2,2,1,0,0
39,71,850,67,28,20.51247384914686,4,1,1,0,1
38,74,587,79,36,24.892679684609277,3,2,1,0,0
23,77,639,26,22,31.731549385721458,2,2,2,0,0
18,39,646,58,32,32.467480126451775,1,1,1,1,0
22,35,639,52,7,38.24904180336971,1,3,2,0,1
58,56,543,26,11,22.27953855563068,1,2,3,0,1
29,88,491,73,9,49.52030682342101,2,1,3,0,0
43,46,691,43,14,32.34386164236759,0,2,2,1,0
63,69,586,78,23,37.177965524081,3,2,2,0,0
51,69,840,31,25,29.452513374781674,2,1,3,0,1
66,75,642,13,38,38.5347612528877,1,2,3,0,1
31,93,624,43,2,60.0,0,3,3,0,0
43,91,759,55,1,29.3132173608061,0,2,1,1,1
62,48,690,36,5,26.832554683704696,1,3,1,0,1
44,20,632,5,20,22.547666675334767,0,3,3,1,1
26,46,585,59,8,34.10567225475307,1,3,3,0,1
43,61,850,59,9,33.93194479595427,1,1,2,1,1
64,52,686,67,35,35.77164521897273,2,2,3,0,0
39,99,758,40,2,42.023838196044736,1,1,2,1,0
64,60,547,39,23,40.13252160571109,1,2,2,0,0
47,73,592,86,21,34.66217777700939,0,3,1,0,0
60,64,850,10,13,60.0,3,1,2,0,1
65,53,789,43,26,45.36020426138108,1,2,2,1,1
34,21,695,53,32,18.66110085739008,2,2,3,0,0
43,58,611,65,21,11.821970213566097,3,1,2,0,0
53,125,626,54,28,24.565263116983743,4,1,3,0,1
18,35,582,26,18,37.289875700751914,3,2,3,1,0
25,23,534,79,18,23.307505160483235,0,1,1,0,0
66,98,742,50,5,25.585591327901714,3,2,1,0,1
52,74,703,8,18,35.39100557864727,1,2,2,1,1
69,63,723,55,12,29.870410116705845,0,2,1,1,1
32,87,616,61,25,5.0,1,1,2,0,1
64,43,675,99,21,51.15764792738581,2,2,1,1,0
39,57,606,60,20,47.674353363602464,4,1,1,0,0
31,79,577,12,35,15.723187125304513,4,3,1,0,1
43,102,816,13,1,35.85336649486808,2,2,1,1,0
45,36,662,81,29,18.251727045699663,2,3,1,1,1
40,85,700,29,26,25.868051302175378,2,2,3,0,1
31,67,733,11,6,42.29229426283029,1,2,1,0,1
41,63,663,75,19,47.15070676100079,0,2,3,0,1
19,59,674,38,30,46.799644087192476,0,1,3,1,1
62,32,541,73,22,38.6725880614993,0,2,3,1,0
43,79,560,27,12,54.12808604648667,1,1,2,0,1
31,44,555,86,16,25.84157450855927,3,3,2,1,1
68,38,710,71,3,29.17056254466053,2,2,1,0,0
24,77,657,31,13,5.0,0,3,1,1,1
20,75,560,8,19,33.60415223252467,1,2,3,0,1
64,61,708,107,12,43.69540196054854,2,1,1,0,1
40,81,704,44,2,39.27889418013352,0,2,3,0,1
63,88,580,30,25,25.63969470134975,2,1,2,1,1
60,86,647,84,25,47.66788409471803,1,1,2,0,0
64,49,704,73,17,33.89253871430711,3,1,1,0,1
62,80,564,79,31,46.49640068013052,2,3,2,1,0
35,64,706,47,13,42.29224527659394,2,2,2,0,1
55,94,680,97,2,56.36763438354542,3,2,2,0,0
52,57,550,17,0,40.09045043849306,1,1,2,0,1
68,52,671,36,25,44.14914009401422,2,2,1,1,0
32,47,686,59,23,33.84924366942345,1,2,1,0,0
42,63,587,79,34,27.456647748815083,5,2,1,0,0
54,69,595,66,13,42.36098311340547,0,1,1,0,0
45,69,549,47,2,57.54096046309564,0,2,1,1,0
27,66,605,38,12,25.761790281155285,3,2,1,0,0
56,73,648,79,13,31.277955068186188,2,1,2,0,0
34,55,595,69,20,35.399756528265115,3,3,2,1,1
56,42,501,28,25,45.27344464912571,1,1,1,0,1
39,40,581,27,2,40.18186974332243,0,2,2,0,1
43,79,608,36,39,48.69594734650099,3,1,2,1,0
61,69,731,33,3,60.0,2,1,2,0,0
42,22,709,75,35,25.416480350207056,2,3,2,1,1
34,81,733,60,0,44.14593467218084,1,3,1,1,0
30,97,576,63,39,39.80959667280756,0,2,1,0,0
37,45,664,54,32,35.28560326141925,2,3,1,0,1
42,66,407,55,6,44.09127835515174,0,3,1,1,0
21,50,692,10,10,30.99795469402381,3,2,2,1,0
27,72,711,69,26,39.84568597470481,4,3,3,0,1
20,36,614,35,13,15.420613554290764,1,2,1,0,0
58,58,679,49,21,26.917770828412657,1,2,2,1,0
62,79,498,38,15,50.712812211646444,3,2,3,0,0
35,84,569,53,11,50.136244739066306,3,1,1,0,0
64,68,726,64,9,38.89149945077278,0,3,3,1,1
53,53,701,24,23,28.204253684153812,1,1,1,0,1
64,28,608,56,17,47.37898744527414,1,3,3,1,0
39,44,731,38,21,53.547310722449566,2,2,1,1,1
51,50,663,83,8,28.81449695163481,1,2,1,0,0
64,46,599,22,16,13.174704700222765,3,1,2,1,0
25,61,631,24,37,41.73702388181029,0,3,3,0,1
57,53,604,41,39,48.70652416111165,0,1,1,0,0
66,63,531,26,12,43.812252895071154,2,2,2,0,0
61,84,775,44,36,58.4761879584491,3,2,2,0,1
36,51,593,36,5,58.539509982922155,4,1,1,1,0
59,32,566,52,20,30.419040550297495,1,3,2,1,1
58,45,497,75,35,37.98491578365679,2,1,2,1,0
54,71,386,51,6,27.551977369804337,3,2,1,0,0
23,73,720,54,35,19.669044550890142,2,2,2,1,1
69,68,729,23,24,20.548410427970147,1,1,3,0,1
43,86,769,46,10,45.75532029894565,1,1,2,0,1
51,56,635,39,13,39.54331281029664,1,2,3,0,0
62,101,617,67,28,48.34941260751259,1,3,1,0,0
23,76,599,30,9,60.0,1,1,1,0,0
54,20,608,28,4,42.49801404862096,2,1,3,0,0
50,96,761,57,7,23.181191313494036,1,3,3,0,1
39,44,647,99,4,50.526902310124385,2,1,1,0,0
38,39,687,45,23,22.902315614883367,2,2,1,1,0
23,70,605,54,39,60.0,1,2,3,1,0
23,25,782,73,25,5.428262619919842,2,1,1,1,1
65,46,459,62,5,26.801765744963546,0,2,1,0,0
21,91,527,62,15,44.332074096664705,0,3,2,1,0
47,71,687,47,35,52.66281490736815,3,2,3,1,0
28,76,825,48,11,24.845253105647267,1,2,2,1,1
47,46,627,31,10,22.126130482200146,3,2,2,0,0
48,29,565,62,2,37.22550787454566,0,2,1,0,0
41,74,750,61,36,60.0,3,1,2,0,1
26,78,682,67,5,11.924335500022803,2,2,1,0,0
20,77,779,37,18,30.288198542413003,2,2,3,0,0
68,64,520,70,17,38.90277529588679,2,1,2,1,0
48,40,771,78,15,23.060759551382002,0,3,2,1,1
57,108,495,19,22,23.009206734351064,1,2,3,0,1
54,69,621,42,36,31.49912578087322,3,3,1,0,1
53,56,691,79,8,39.390647390742124,1,1,3,1,0
41,56,668,33,2,32.07407530255007,2,3,1,0,1
48,62,756,63,7,56.98348478548948,1,2,1,0,1
23,81,467,50,37,43.88905667602626,2,3,1,1,0
19,63,664,58,3,40.74746034822608,1,3,3,0,0
37,77,769,50,11,50.41480428962557,2,3,3,1,1
45,63,655,68,30,41.01204337122385,3,3,1,1,0
28,57,535,24,24,28.35220059047798,1,1,1,1,1
21,72,750,27,15,31.05271320358426,2,2,3,0,1
32,72,585,86,13,18.058456795828697,0,1,1,0,0
23,56,567,102,12,60.0,3,2,2,0,0
66,45,554,49,6,48.96085954601095,1,3,2,0,0
47,66,630,92,11,5.0,3,1,3,0,1
55,61,668,30,36,54.99692648964488,3,2,2,1,0
68,48,523,36,3,13.011010393390787,2,2,2,1,0
19,43,543,86,1,42.810034669644196,1,1,3,1,0
32,68,580,70,34,5.0,1,1,1,0,0
28,71,554,90,2,28.5780598805514,2,1,1,1,0
25,52,653,61,3,55.114002616127586,0,1,1,0,1
43,48,686,24,37,55.94950829929155,3,2,3,0,0
68,43,672,55,11,39.60163089205952,3,2,2,1,0
62,67,672,80,18,46.81197189856785,0,1,1,0,1
61,43,817,46,9,13.796446612873815,2,3,2,0,0
22,104,692,42,0,43.074999090049964,0,2,2,1,1
23,51,728,62,16,47.76456114922759,2,2,3,0,1
43,20,608,36,15,60.0,1,1,1,1,0
21,59,744,57,8,25.65171050477862,4,2,2,0,1
36,58,603,51,8,35.24454225542167,2,2,2,1,0
37,82,691,37,8,36.17172667478157,3,2,1,0,0
50,65,512,74,11,45.47875600664306,2,2,3,0,0
37,43,666,66,14,48.20766032323452,1,1,1,0,0
66,54,552,41,1,50.91372667684798,3,3,2,1,0
29,66,743,49,10,49.81943238969217,1,2,2,1,1
64,20,737,43,10,12.783225612339248,2,2,2,1,1
18,86,603,34,7,5.0,2,3,1,1,1
43,43,850,7,31,27.28435419375447,2,2,3,1,1
31,88,621,37,5,34.46874733090415,1,2,1,0,0
55,67,488,34,19,25.800983610696505,2,2,2,1,1
54,72,572,52,38,28.104527854983488,2,1,2,0,0
28,82,545,61,34,29.95625858389699,3,3,3,0,1
53,71,687,29,7,43.66161499129055,3,2,2,0,0
30,73,526,59,33,19.49461917441455,1,2,1,0,0
60,56,596,26,18,33.83258345058911,2,3,3,1,1
20,67,681,46,6,33.9473957567144,1,2,1,0,0
50,48,663,34,30,43.32049007762729,2,2,1,1,0
23,53,648,68,17,52.428572595693545,3,3,3,1,0
67,99,662,52,39,60.0,2,1,2,0,0
27,43,612,47,13,23.81013829367835,2,1,1,1,0
22,63,489,34,38,5.0003808415326105,0,1,2,1,0
40,62,610,41,35,31.371076568970707,4,3,1,0,1
27,53,696,95,16,11.170747125502306,0,1,1,1,0
61,70,636,37,36,60.0,2,2,1,0,0
19,71,689,61,8,21.906792217354543,3,1,2,0,0
30,41,591,47,19,43.45750648479097,2,2,2,0,0
57,62,749,61,27,49.01099160011644,0,2,2,0,1
19,38,394,70,19,40.109334923570046,2,3,1,0,0
37,75,664,41,35,60.0,1,2,2,0,0
18,63,784,67,26,31.96278289826284,0,2,2,0,1
54,61,799,118,7,22.476773639427734,1,2,2,1,1
26,73,626,64,31,21.700630817731124,2,2,3,1,0
34,54,517,90,0,46.250085419055225,1,3,2,0,0
26,78,786,62,16,32.15302630602414,0,2,2,0,1
28,41,644,26,8,21.70266515895174,0,2,3,0,1
32,88,634,56,19,41.619578232853584,2,3,2,1,0
41,48,560,41,31,45.638738376324696,2,2,2,0,0
55,26,525,35,1,39.06957779429317,1,1,2,0,0
52,53,706,48,31,48.49394588503411,0,1,1,0,1
47,51,716,46,8,36.3214791927547,2,3,2,1,1
48,53,670,23,29,26.095619942281097,0,2,2,0,1
66,64,573,117,19,47.17100107267265,3,2,1,0,0
22,81,543,70,37,21.648676197074966,2,3,1,1,0
61,56,506,56,0,18.066719792000352,2,2,3,1,0
67,46,593,52,4,52.33924473800998,3,2,2,1,0
31,37,549,80,34,29.782280434751115,1,2,1,0,0
28,50,479,101,35,59.98525864167458,1,2,1,1,0
26,22,715,67,0,47.84892180089909,0,2,2,0,0
51,45,518,53,13,28.642419291487414,0,1,1,0,0
29,84,748,86,8,42.293321483940005,1,1,1,0,1
52,43,689,53,29,60.0,2,2,2,0,0
52,72,679,60,23,46.31409714218588,2,3,2,0,0
18,35,816,75,3,43.7254836011366,1,2,1,0,0
57,95,521,40,13,26.07918389530069,0,3,1,0,1
39,96,737,5,24,60.0,3,2,2,0,1
46,71,620,39,3,54.76906570269459,0,3,1,1,0
25,99,850,69,24,26.216569524099473,0,1,1,0,1
28,67,611,67,9,60.0,1,2,1,1,0
58,75,595,83,34,37.47126824753522,2,2,1,0,0
54,85,692,40,6,22.39427487994959,0,1,1,0,1
31,63,629,89,12,26.02221939772195,1,2,3,0,0
47,28,574,54,3,48.16552050612166,1,3,1,1,0
52,75,552,65,35,22.497497647167513,1,2,1,1,0
38,50,795,72,13,18.453254134206265,2,3,1,1,1
54,52,533,15,17,28.41688276372285,1,2,2,0,1
22,65,672,24,7,30.657301633855813,1,2,3,0,1
36,71,755,24,31,24.90026711542157,2,2,2,1,1
31,63,760,76,26,28.19082659092954,1,1,3,1,1
43,72,589,42,36,48.75396851092089,1,2,1,1,0
21,45,629,100,22,38.84753654719173,0,2,3,0,0
42,59,609,50,6,27.265388702772427,0,3,1,1,1
62,76,496,13,11,28.58227876579572,2,2,1,0,0
59,95,703,33,24,33.02515735607971,3,2,1,0,1
42,102,653,52,2,33.88378688114718,1,1,1,0,0
35,68,794,62,25,33.94720615673879,1,3,2,1,1
57,76,567,25,3,48.203714945749766,0,2,2,1,1
25,99,758,64,35,37.95557606438098,0,3,2,0,0
56,46,765,70,14,38.396865148988226,2,2,1,0,1
57,72,654,33,31,56.40178030550133,0,2,2,0,1
31,75,432,99,28,60.0,0,2,1,0,0
49,88,598,36,9,16.535430707030017,1,2,2,0,1
68,37,828,25,20,11.316378314065723,1,2,1,0,1
55,41,679,11,15,29.7589082806642,0,2,1,1,1
50,60,719,80,18,46.74692859341972,0,2,2,0,1
40,67,641,50,28,40.639795999811454,4,3,3,0,0
32,82,627,38,17,50.81149554067822,0,1,2,1,0
50,70,463,13,15,29.11454231461829,2,2,1,0,0
42,56,729,40,0,5.649397517329973,1,1,1,1,0
34,68,757,109,1,14.49827403082962,1,1,1,0,0
50,66,554,5,14,43.47101087987902,1,2,2,1,1
64,94,632,34,38,50.92630408337328,2,1,2,0,0
19,63,618,94,27,6.398047278468358,1,2,1,1,0
31,52,692,81,0,56.159862999620614,2,1,1,0,1
57,68,595,35,4,41.96948767699408,2,2,2,1,0
57,63,743,55,21,33.943668525809436,1,1,1,0,1
68,28,657,61,35,25.59765263223246,0,1,1,0,1
56,59,395,53,12,58.86741615243497,2,3,2,0,0
68,57,694,94,0,48.45509649033601,0,2,1,1,1
23,49,749,58,15,42.3623517781497,3,3,3,1,1
23,80,534,78,21,24.02896246694953,5,1,2,0,0
20,44,690,54,31,59.21271840350583,1,2,1,0,0
24,69,832,5,15,35.45526736932214,1,2,1,0,1
68,57,661,20,14,39.48526185587181,0,1,1,0,1
25,62,764,25,11,36.09589097266322,0,2,2,0,1
59,68,605,43,0,23.516743030679102,2,2,3,1,0
69,33,648,101,16,39.79581478875307,2,2,1,1,0
32,63,629,59,27,45.45407842187605,1,2,3,1,0
64,105,611,47,6,28.375888847995668,1,2,2,0,1
46,28,635,80,8,38.51114991158466,1,2,3,1,0
50,58,486,13,21,35.87749136565419,1,2,2,0,1
69,82,616,37,25,48.72696994211994,2,3,2,0,0
47,66,783,34,11,30.515880930970916,3,2,2,0,1
56,73,553,59,6,38.39856445526611,1,2,3,0,0
44,20,543,72,14,41.55754101988421,1,2,1,1,1
53,71,656,61,37,30.176493563336482,5,2,3,0,0
46,44,661,62,20,22.619681484807327,1,2,2,1,1
55,66,687,40,13,25.060908211218432,0,1,2,1,1
50,59,638,58,1,41.13785054792868,1,2,3,0,0
54,105,657,29,7,31.470258300841063,1,2,3,0,1
44,70,614,66,5,31.27115812121535,1,2,2,0,0
50,57,522,37,36,44.062213505236,1,2,1,0,0
21,29,642,21,36,50.292372845429696,4,2,3,1,0
39,62,722,50,32,52.875738100172306,1,3,2,1,1
19,76,701,5,5,25.81248262846389,0,2,2,0,1
27,58,475,86,25,48.841184281964885,3,2,3,1,0
22,49,675,69,38,60.0,3,2,1,0,1
27,48,560,58,36,36.89105299445508,2,1,1,0,0
50,70,789,9,13,33.90034710116011,1,3,2,0,1
55,75,682,32,36,30.773586242489,0,2,1,0,1
30,87,739,51,7,19.04364223191498,0,2,2,0,1
48,40,652,43,38,47.63380244607258,2,2,1,0,0
64,70,643,7,12,33.96708133690604,2,1,1,0,0
53,57,799,17,12,32.754352669639935,2,3,2,0,1
62,58,747,42,39,45.310151571202475,0,2,2,0,1
41,68,661,17,27,46.692245763080486,3,2,1,0,0
69,68,630,84,17,25.98735097002777,2,1,1,0,0
32,70,479,62,18,26.34553512529343,4,2,2,0,1
46,38,682,29,37,25.679665392710724,2,1,2,1,0
25,45,637,79,31,60.0,0,2,3,0,0
22,89,705,74,21,57.15718979995248,2,2,1,0,1
46,55,735,57,1,45.60560633811903,0,1,2,1,1
64,66,773,49,12,29.368831427590337,1,2,1,0,1
21,81,683,42,22,31.146064515228247,3,2,1,1,0
29,69,545,36,24,40.451559846146154,3,3,3,0,0
62,70,435,16,27,60.0,2,2,1,0,0
19,77,567,88,10,39.333157387088946,2,2,1,0,0
44,20,783,36,32,42.63238364701888,3,2,1,0,1
48,50,832,50,23,5.0,1,3,3,1,1
68,69,626,27,1,38.86368390945064,2,2,2,0,0
68,87,503,43,29,14.092077998665829,1,2,2,1,1
53,61,585,121,16,27.695076241375876,0,1,2,0,0
53,43,763,31,39,35.70328882609786,1,2,1,1,1
43,43,590,86,33,30.468474366088888,2,3,3,0,1
60,77,708,49,37,25.460601189499627,1,2,1,0,1
44,55,666,66,21,25.594296405015832,0,1,2,0,1
22,59,721,81,4,31.834276022626163,2,2,2,0,0
37,72,831,56,39,31.17937372292603,1,1,1,1,1
28,20,708,41,15,35.30408851980075,0,3,1,0,1
27,100,664,45,12,34.18282523234513,0,2,2,1,1
57,45,842,46,25,54.18313935879628,2,2,1,0,1
55,64,684,96,30,5.0,2,2,1,1,0
23,25,570,12,38,38.674597853756325,0,3,1,0,1
25,51,718,5,22,36.0651441537272,2,3,2,1,1
40,84,694,7,11,32.987144777612066,1,1,3,0,1
64,21,619,27,13,24.412843621536567,2,3,3,1,1
43,82,598,67,17,32.75437272982215,1,3,2,1,1
63,54,620,69,26,10.497386628506465,0,2,2,1,0
60,69,596,34,27,38.10076838300625,0,3,1,0,1
29,73,623,49,17,40.820887526313435,2,2,1,0,0
43,68,565,22,15,24.43897260475356,2,2,3,0,0
30,42,688,24,15,60.0,1,1,2,1,1
57,52,681,64,12,33.19333442377263,0,2,2,1,1
35,30,684,76,28,35.66109234940087,5,1,2,0,0
42,69,643,38,8,55.03672496825233,0,3,3,0,1
50,94,632,90,25,60.0,1,3,3,1,0
64,23,794,74,27,18.149908791062344,3,2,1,0,1
57,44,656,89,12,26.342562816899886,0,2,1,0,0
60,56,776,42,35,33.45984246510653,2,2,2,1,1
29,63,550,88,8,23.856909655345667,0,2,1,1,0
61,77,708,104,13,47.69168782025758,2,2,3,1,1
53,56,576,39,11,22.20525745923249,3,2,1,0,0
65,53,594,46,31,53.99904745319951,1,1,2,0,0
21,82,608,26,37,44.35470873961209,2,1,2,1,0
22,73,602,21,2,52.46064779275975,1,2,2,0,1
54,70,603,21,15,22.272441002324705,1,2,1,0,1
25,62,771,29,19,29.247583761206766,1,3,3,1,1
59,79,654,56,31,48.46978321676107,2,2,1,1,0
66,46,672,30,22,45.74889784250871,1,1,2,0,0
45,44,604,56,16,30.69711858570489,0,2,2,0,0
48,74,735,56,15,32.83201303470633,1,2,1,0,1
26,27,685,38,37,28.484780782702178,3,2,3,0,0
68,61,619,48,7,32.42833963284459,1,2,2,0,0
46,53,491,36,18,20.519891907099222,1,2,2,0,0
31,31,671,42,29,18.001738201075096,2,2,2,0,0
57,41,707,29,33,50.08145773420135,4,1,2,1,1
58,57,552,52,13,31.91893354875017,2,2,1,0,0
39,80,620,34,21,52.26991611321052,5,1,2,0,0
28,46,703,20,16,43.939772025791186,3,1,2,1,1
40,84,492,64,14,39.68015768910074,0,1,1,0,0
18,61,585,65,31,24.346673893923253,2,1,2,1,1
63,86,687,77,12,16.838303390029942,1,3,2,1,1
54,47,760,24,20,28.146369219092804,2,1,2,1,1
38,59,850,37,39,57.978761111353265,0,1,1,0,1
43,67,845,55,32,48.3343529430075,1,3,1,0,1
63,56,664,37,26,26.743790192529044,2,2,1,0,0
53,79,601,64,34,28.316596538936878,3,2,2,1,0
40,20,742,62,15,21.063657791142674,1,2,3,0,1
18,108,595,61,27,11.793715811987042,0,2,1,0,1
68,77,573,86,33,36.52400019956791,3,2,1,1,0
57,56,619,66,0,60.0,2,1,2,0,0
32,48,606,53,30,60.0,0,3,1,1,0
38,42,691,45,35,44.118559396679046,3,1,1,1,1
64,72,589,46,32,25.959913393263104,4,1,2,1,0
26,79,658,23,32,13.257796864041886,4,2,2,0,0
26,56,809,5,38,50.70593278464068,3,2,2,0,1
27,82,662,61,17,41.70825202335653,1,2,2,0,0
69,41,801,80,22,30.25657740034216,1,3,1,0,1
43,38,770,41,22,27.75061846531591,1,3,3,1,1
58,96,709,89,14,44.00654866438764,2,2,1,1,1
52,71,614,45,25,22.60067723229279,0,1,1,1,0
69,87,754,5,29,38.58848250350063,1,3,1,0,1
42,42,625,72,24,16.702673798587348,0,2,1,1,1
43,41,649,38,15,60.0,3,1,1,0,0
28,52,683,75,38,24.694289215875575,2,2,2,0,0
55,43,649,18,13,44.725984344116995,1,2,2,1,1
19,74,577,60,16,17.0296753049757,0,1,1,0,0
24,44,497,29,11,32.55120261350925,1,2,2,1,1
35,36,745,55,28,48.26927835145131,2,3,2,0,1
44,62,707,69,31,51.51433070936013,2,1,1,0,1
51,34,477,63,23,46.449323946543764,3,2,1,0,0
44,24,575,51,12,32.926335060154095,0,2,1,1,0
34,62,667,15,19,25.010735058417094,1,2,1,0,1
60,25,694,68,14,18.834843222212914,1,1,2,1,0
61,75,498,75,3,57.55697881656689,1,2,1,1,0
68,32,641,23,33,36.55056859982939,3,2,1,0,0
41,20,703,27,27,39.32358840632848,0,3,1,1,1
42,54,614,76,1,52.48054780649163,2,3,3,1,0
24,62,675,44,29,43.80096925332555,3,3,1,1,0
69,69,601,28,25,33.08874120353551,0,1,2,1,1
23,63,740,56,25,46.166051725707696,2,1,1,0,1
41,38,570,34,19,25.661804772324192,2,2,2,0,0
50,74,535,54,27,11.73287783777507,2,2,3,1,0
66,79,652,39,19,56.17763363026774,0,3,2,0,1
46,35,506,41,10,26.911947803993314,2,2,3,1,0
60,56,439,77,9,30.43565055923973,3,2,2,0,0
39,54,758,5,22,31.758748623107152,2,1,2,0,1
43,64,551,63,36,25.96691960423584,0,3,2,0,1
45,55,516,73,18,51.52000792262898,1,1,1,0,0
67,58,568,34,17,40.61684290312942,1,1,2,0,0
38,72,564,73,26,30.443196503038003,1,3,3,1,1
66,37,635,26,5,15.864966784475836,2,2,1,0,0
24,74,540,33,9,39.55696723041132,1,1,3,0,0
34,82,699,30,1,5.0,1,2,2,0,1
37,92,714,73,23,38.49119042854169,2,1,2,0,1
58,20,522,6,37,55.147706672830964,1,2,2,0,1
66,56,588,91,27,35.96837614323581,2,1,3,1,0
37,20,597,42,27,53.094909555890446,2,3,1,1,0
39,20,633,65,38,16.56233641643369,0,2,1,1,0
45,62,758,63,1,60.0,3,2,2,0,0
57,52,764,53,4,51.45928157812523,2,1,3,0,0
66,65,850,34,10,42.139487932673354,1,1,2,1,1
24,69,423,81,9,26.02408317664604,2,2,1,0,0
18,84,557,37,1,23.532168447581757,1,2,1,0,1
49,61,831,31,14,33.93638857406931,0,1,3,1,0
30,118,469,71,38,53.04167343988347,1,2,1,1,0
47,66,829,53,36,15.267187536924855,2,3,2,0,1
40,96,664,83,6,35.15615764912547,3,2,1,0,0
68,20,668,48,19,46.013304074956764,3,1,1,0,0
36,86,522,33,33,48.9402322590133,0,2,1,0,0
49,56,604,56,34,45.968547515925486,1,2,1,0,0
47,21,824,38,33,13.736097111969315,0,1,2,0,1
46,68,645,34,21,51.97666826781428,2,2,1,0,0
66,53,605,70,30,36.007904841435455,3,2,1,1,0
62,71,690,95,22,18.716072660405743,4,3,2,1,1
46,80,630,43,18,34.6374768898942,1,2,3,1,0
47,30,684,25,3,5.620022850315657,2,1,2,0,0
33,80,565,46,23,43.67447034515403,0,2,1,0,0
57,60,642,62,19,33.084358001929246,0,1,1,0,0
36,87,585,56,38,15.94826515631254,1,1,2,0,1
35,55,469,79,27,30.648850904861682,2,2,3,1,0
18,50,698,66,38,24.38802171434785,2,3,1,1,1
31,60,526,22,16,25.346242715761875,0,3,1,0,1
68,62,633,37,18,5.0,2,1,2,0,0
64,46,742,15,34,9.917548699479962,0,2,2,0,1
67,50,500,78,31,31.554515129643782,0,1,2,0,0
19,35,710,5,38,28.973741074829594,2,1,1,0,1
45,51,620,17,34,49.60967242720591,3,3,1,0,0
66,73,553,37,29,25.52325531994282,3,3,1,0,1
67,57,850,64,16,27.095280205230956,0,1,1,0,1
47,80,649,36,28,27.7964012626004,1,1,3,1,0
55,56,593,40,5,32.044554113013575,0,1,1,0,0
68,31,571,41,16,36.37196100535951,3,2,2,1,0
21,71,738,54,16,28.905085837531107,3,3,2,0,1
18,46,588,19,13,43.56832231189363,0,1,1,1,1
25,55,725,26,23,60.0,2,2,3,0,1
46,84,649,92,36,22.618341577336476,1,1,2,0,1
56,36,761,60,39,40.87745015259194,0,1,3,0,1
20,63,545,69,38,35.44289369421985,2,2,1,0,0
49,59,559,51,31,50.70551798670127,4,3,1,0,0
27,74,621,46,35,38.044998543586985,1,1,1,0,0
27,77,630,61,36,24.103232144369628,2,1,1,1,0
36,65,614,68,13,17.524193789724887,0,1,2,0,0
63,52,850,71,26,44.15734406138293,4,2,3,0,1
51,69,850,46,18,18.74297007094673,2,1,1,0,1
50,86,679,73,30,52.756107292521506,1,2,3,0,0
40,59,691,5,8,43.29789031586283,1,2,2,1,1
45,54,626,72,37,36.30063725217653,1,1,2,1,0
49,67,545,39,16,15.316174508607894,1,2,1,0,0
67,60,631,63,18,45.12984714669108,0,1,1,0,0
24,33,727,33,3,59.25149112220561,1,2,3,1,0
46,64,780,16,10,28.623577878971844,2,2,1,0,1
25,33,749,58,21,23.87138994009154,4,3,2,1,1
18,67,499,12,3,33.61961311507661,4,1,2,1,0
20,44,621,40,16,42.00413407897821,2,2,3,1,0
41,60,503,29,7,27.03171180500407,1,1,2,0,1
40,67,766,45,33,48.48797218985012,1,3,1,1,1
25,109,608,69,10,60.0,2,2,2,1,0
64,74,645,37,30,39.953688252769,2,2,1,1,0
54,87,698,57,10,30.12520845472511,1,2,2,0,1
20,97,850,68,37,41.60005662273369,0,3,1,1,1
68,69,676,34,20,52.659493445016594,3,3,2,1,0
50,65,626,35,29,37.39454942828025,1,3,1,1,1
45,38,525,84,9,42.27642546654802,1,3,3,0,0
64,57,795,48,25,45.57149283113439,1,3,2,1,1
25,45,631,62,26,21.868312162188552,0,2,3,1,0
51,51,815,62,7,41.886820121144126,1,1,1,0,0
52,97,760,20,38,14.870767937363013,2,1,2,0,1
49,62,603,30,7,25.123532928543497,4,2,1,1,0
41,42,510,59,7,52.18493601929441,0,2,2,1,1
31,87,677,5,33,48.06552852966149,0,2,3,1,1
49,79,588,44,15,30.947299846513864,1,1,3,0,0
63,80,653,28,12,60.0,0,2,1,0,0
60,20,754,77,22,15.347148793998613,1,1,3,0,1
33,98,484,58,11,31.92368460564599,1,2,2,1,0
21,48,676,79,26,39.12656433968644,0,2,3,0,0
69,75,725,49,21,5.0,1,1,2,1,1
54,110,730,47,31,32.63506138285857,1,3,3,1,1
38,103,513,42,26,18.132526501575317,5,2,3,1,1
31,40,691,37,1,18.473944057023292,2,3,1,0,1
48,31,770,117,32,30.916551734452128,2,1,1,1,1
65,88,684,70,25,7.615124445484543,0,1,1,1,1
35,62,638,23,27,22.88060324660686,0,1,2,1,1
24,49,763,115,18,7.965764659921607,0,1,3,0,1
27,72,580,39,4,36.85680570167455,1,1,2,0,0
24,56,497,58,32,36.56520847701772,0,1,2,1,0
50,74,629,73,19,29.77178042810924,1,3,1,0,1
40,61,703,11,29,49.94667745790001,0,3,1,1,1
38,74,753,29,7,30.557561223589023,2,3,1,1,1
36,42,703,91,37,34.65379241394083,2,3,2,1,1
65,88,733,44,16,21.409988703790788,1,2,1,0,1
36,73,754,74,0,5.0,3,2,1,1,1
53,72,616,38,2,32.819904310348655,1,1,2,0,0
46,37,635,47,25,30.860776094686067,0,1,1,0,0
35,93,778,94,30,60.0,1,2,1,0,1
19,59,528,60,7,45.011690359748286,0,3,1,1,0
18,74,692,41,7,28.803183207855483,2,2,3,1,0
64,53,578,32,34,37.12494537108914,1,3,1,0,1
22,65,760,35,38,48.60526945504481,1,1,3,0,1
37,65,648,81,27,42.751325404848,3,2,1,1,1
28,20,650,69,3,60.0,4,2,3,1,0
59,71,822,21,15,23.159053711696735,2,3,2,1,1
19,99,542,52,12,49.625513104306265,1,3,3,1,0
20,70,671,48,19,28.65691496998843,0,2,3,1,1
40,40,631,57,4,37.904247421504806,2,1,2,0,0
29,72,703,34,36,26.63484507840242,2,1,3,0,1
37,81,842,77,19,32.869877404794096,1,2,2,0,1
22,70,589,49,23,38.17343090418433,2,3,2,1,1
54,58,530,59,35,43.898803464167145,0,1,2,0,0
55,55,569,30,33,35.920357120659865,4,1,3,1,0
47,55,626,31,33,5.0,2,2,3,0,0
26,73,656,116,18,33.84576862550659,2,3,1,1,1
51,31,661,95,16,57.05601143480228,4,2,2,1,0
61,52,830,48,4,33.72692305295933,2,2,3,0,0
52,91,812,88,24,57.47722760190071,4,2,2,0,1
69,92,780,80,17,33.19704883599567,1,1,3,0,1
39,30,850,34,7,11.42027868800582,3,1,1,1,1
61,37,732,31,26,28.505677309028613,1,3,1,1,0
41,54,760,66,14,26.62349471874522,1,3,2,1,1
34,77,730,56,12,31.55700406497767,0,2,1,0,1
27,23,714,39,15,17.22022336396613,0,2,1,0,1
47,58,689,68,21,34.86767799645269,0,3,2,0,1
63,50,610,13,19,30.07610238999743,2,2,1,0,1
40,86,525,52,12,54.31792786067887,0,1,1,0,0
49,26,636,19,19,16.84644317132488,2,2,1,0,0
34,61,706,19,1,38.685030299519724,2,2,2,0,0
67,52,657,32,34,41.16542183926163,2,2,1,1,0
68,89,543,59,18,46.62471333511422,3,3,1,1,0
34,71,633,33,36,29.546181847723567,2,3,2,0,1
31,48,628,19,5,38.312014918888046,3,1,1,1,0
26,77,643,61,13,40.299171881694235,1,2,3,0,1
57,52,699,87,3,10.274542992584788,1,2,1,0,0
19,79,720,65,21,30.08449112816802,3,2,3,1,1
62,55,599,95,38,34.51002404199516,3,2,2,0,0
42,81,748,85,35,36.268673301761844,1,2,3,0,1
56,68,763,37,33,36.085084884432106,0,3,1,0,1
26,125,682,65,26,41.56281938461947,1,2,1,0,0
39,58,716,47,6,60.0,3,3,3,1,1
60,67,748,76,2,26.068571393825206,0,1,1,0,1
63,50,540,47,32,40.71757658829862,0,2,2,0,0
21,60,755,30,1,54.51954778999067,2,2,1,1,0
43,20,570,84,15,8.02042070058085,3,3,2,0,1
46,69,580,57,24,39.021966196461655,2,2,3,0,0
62,86,669,33,14,9.794310402624305,0,1,3,1,1
51,67,435,37,23,60.0,2,2,1,0,0
40,33,667,33,14,42.83076101446822,3,2,1,1,0
54,43,748,24,30,40.8063598670654,1,3,3,1,1
28,20,485,38,13,6.899389563942464,2,2,3,0,0
23,79,758,59,13,27.43262270815711,2,3,1,0,1
35,39,580,51,5,27.50305912137841,0,2,2,0,0
38,59,670,39,13,60.0,1,1,1,1,0
59,56,594,87,16,45.93801855283648,2,2,3,0,0
53,89,707,5,17,10.206099538756657,0,2,1,1,1
58,61,752,57,19,42.0425337852795,2,3,2,1,1
55,76,714,46,16,12.456435746416474,2,1,2,1,1
51,70,649,25,15,10.560001885335623,1,1,3,1,1
34,87,602,59,39,41.801331255403646,1,1,3,1,0
54,55,643,44,38,46.17153696479662,3,2,1,1,0
42,97,715,81,31,41.881303850483555,0,1,2,0,1
55,20,719,71,8,60.0,1,2,3,1,1
29,77,705,97,26,40.53128804491567,1,3,2,1,1
40,42,521,37,32,37.55141313159605,1,2,2,0,0
59,50,647,84,9,16.759858424873745,1,2,2,0,0
39,71,586,20,16,47.86420517979123,1,3,1,1,1
38,71,716,47,35,10.228336244537143,2,2,2,0,1
44,72,573,38,16,60.0,2,1,1,0,0
48,32,695,65,17,48.06196913389819,4,2,2,0,0
23,88,621,64,22,60.0,2,2,3,1,0
44,41,462,27,33,40.83992162861908,2,1,1,0,0
57,44,743,66,7,48.802490916360036,1,2,2,1,1
51,72,647,40,12,30.842433350259924,3,3,1,0,1
29,54,777,29,22,34.350806181677996,0,2,1,0,1
62,66,483,49,19,19.226991367650417,0,2,3,0,0
24,20,620,13,21,13.28437027148496,1,2,2,1,1
27,65,628,73,22,37.8424671036998,3,3,1,1,1
62,64,677,48,34,34.26226240739253,1,3,2,1,1
34,49,517,49,2,18.860394258522625,1,2,2,1,0
43,20,704,47,33,21.5190238651753,0,2,1,0,1
38,55,841,91,32,35.48704986061964,2,2,2,1,1
45,59,697,87,16,18.60317375327626,1,2,1,0,0
63,52,659,83,18,40.34967619212711,1,1,2,0,0
19,23,512,47,29,19.068662493196392,1,2,1,1,0
60,91,572,22,22,38.837817198892225,3,2,1,1,0
18,47,644,49,14,17.739318319098295,3,1,1,0,0
68,55,597,57,13,17.802266347621405,1,1,1,1,0
53,20,752,70,1,5.0,2,1,3,1,0
68,91,703,57,38,32.59581515023835,3,2,1,0,1
43,50,850,24,17,56.81097150955236,3,2,1,0,1
46,61,551,36,5,55.95996220874399,1,1,3,1,0
38,82,653,34,31,39.8610125519137,1,3,2,1,1
28,46,511,63,20,5.0,4,2,1,0,0
57,79,427,64,39,47.658127898508866,4,1,3,1,0
28,20,722,67,27,38.384994102814204,2,1,1,0,1
53,71,699,57,26,28.902452604629907,1,2,2,0,0
66,91,564,5,1,53.11049191870491,4,1,1,1,0
56,48,659,6,32,44.23167030212771,1,1,2,0,1
57,82,587,46,15,60.0,2,2,2,1,0
52,96,600,52,38,13.915417490779486,2,2,1,1,1
51,54,617,81,21,15.088545391480249,1,2,2,1,0
64,53,560,51,12,17.61530823901312,2,2,2,1,0
41,42,578,25,1,30.724677339631338,2,3,2,1,1
39,49,581,66,13,58.822583821946154,2,1,3,1,0
22,43,692,49,37,25.64611211969343,1,1,2,0,0
50,42,372,39,27,25.966937291626493,1,3,2,1,1
53,83,627,9,6,41.25937900271933,0,2,2,0,1
64,44,541,52,17,47.64733171691756,2,2,2,0,0
37,65,544,55,35,5.0,3,1,1,1,0
36,60,597,25,35,50.59572314282876,4,1,2,0,0
52,89,648,68,3,25.171755410975436,0,1,2,0,1
69,49,628,66,29,33.46362929059809,1,2,3,1,0
60,67,543,51,23,56.27396199106306,1,1,2,0,0
34,75,722,50,19,31.753346010582906,1,2,1,1,1
62,89,559,73,30,12.02194219721138,1,2,2,0,1
60,49,576,59,23,12.89142048603582,2,1,3,1,0
51,47,678,32,6,34.5633217830596,3,1,3,0,0
26,38,682,45,25,29.98452897252869,5,2,3,1,0
43,104,588,63,12,35.89209761254301,4,1,3,0,0
19,87,356,5,7,28.980830284555434,3,1,1,1,1
26,59,561,26,4,53.62140275427307,2,1,2,0,0
26,98,666,67,12,35.37150859722605,1,2,2,0,0
57,57,718,80,28,8.555335144609419,1,2,1,0,1
34,74,642,75,19,47.247994877951115,1,1,1,0,0
18,60,602,72,13,60.0,2,2,3,1,0
42,67,850,53,31,37.323964717822925,0,3,2,0,1
60,65,612,24,26,38.48825545160488,2,2,3,1,0
57,51,711,45,24,23.301724819059373,2,1,3,1,1
59,81,516,5,3,31.363238908143526,2,2,1,0,0
42,74,540,82,20,42.54305014239876,0,2,3,0,0
56,80,714,29,17,51.976850989683875,0,3,1,0,1
52,66,754,36,38,41.69000418395607,2,3,2,0,1
20,41,611,76,14,60.0,0,2,1,0,0
67,94,465,9,37,36.477054710766275,0,2,1,0,1
54,54,633,20,23,18.174567447222042,1,3,3,0,1
61,67,668,56,7,18.60416913816833,1,3,1,1,0
61,72,659,63,27,53.516175978165535,0,2,2,1,1
68,67,593,48,20,50.106529619316476,0,1,1,1,0
47,78,634,49,15,10.33093897479673,3,1,1,0,0
55,81,575,81,15,31.857377143461544,0,2,1,0,0
51,55,538,65,34,32.402092870662315,2,2,2,0,0
29,92,725,62,16,23.727007125532104,1,3,1,0,0
36,54,659,69,8,13.844404183271909,0,3,1,0,0
54,66,634,42,34,23.39593751602581,3,1,2,1,0
61,52,599,104,28,20.69977158027565,2,2,1,0,0
66,46,631,5,38,14.202973036653141,3,1,2,0,0
34,80,666,86,17,47.4359798024866,3,2,3,1,0
27,122,822,72,11,39.24419856113612,2,2,1,1,1
66,52,715,56,18,28.038160078820706,1,1,2,0,0
64,84,583,52,21,5.0,3,1,2,0,1
29,53,584,46,14,30.513858359977696,2,1,2,1,0
33,59,568,77,0,42.81583436870834,2,1,2,0,0
41,95,629,49,1,23.959340318465454,1,3,3,1,1
36,38,568,31,7,17.75051329080333,3,1,1,1,1
25,33,697,72,21,33.15466974048987,0,1,3,1,0
48,58,385,89,24,40.026032421296755,1,1,3,0,0
38,73,703,5,1,5.001037013419772,1,3,3,0,1
34,69,677,108,8,55.310137068298275,0,2,2,0,1
40,67,776,24,8,16.263094141447827,1,1,3,0,1
54,60,737,25,12,28.658259190293222,1,2,1,1,1
33,75,581,18,5,52.719065483036744,3,2,2,1,0
23,20,726,50,29,36.880385834268374,1,2,1,0,1
25,44,633,18,14,51.44137151239913,2,2,3,0,0
42,58,456,21,14,58.3051844066854,2,1,2,0,0
35,74,665,32,6,13.104859472634729,1,3,1,0,1
42,89,587,53,10,48.530658580742966,2,2,3,0,0
29,42,650,55,39,54.88230281277219,1,2,2,0,0
32,89,815,81,37,29.362916782598237,0,1,2,1,1
43,50,672,80,39,30.55678960174663,0,3,1,0,1
58,57,548,75,1,6.3043427681793,3,2,3,0,0
62,71,746,43,38,46.716191776246006,2,1,2,0,1
43,55,686,5,9,5.0,1,1,2,0,1
64,82,536,5,16,49.5321172109505,4,2,2,0,0
49,51,489,75,6,13.734958979514495,0,2,2,1,0
27,52,552,71,39,55.860330523931644,2,3,2,1,0
33,81,733,34,38,40.94410152536513,2,2,1,0,1
24,44,619,13,3,50.13451546423536,2,2,1,1,0
34,64,658,23,34,22.808345437542194,2,1,2,0,0
40,26,516,54,35,14.998196072108804,0,2,3,0,0
43,96,736,54,30,8.545667542650634,0,3,2,1,1
38,84,448,76,24,51.36804518338812,0,2,1,0,0
39,115,584,38,12,44.9441010359582,1,1,1,0,0
24,86,691,43,17,45.47619569111406,2,1,2,0,1
31,37,537,78,20,39.371635566182604,0,1,3,0,0
32,73,711,5,0,43.1580737388259,0,2,1,0,1
24,41,563,57,35,30.62502427149807,1,3,2,0,1
26,91,527,41,7,40.55450950766643,1,1,1,0,1
68,37,778,67,20,22.147445907203146,2,2,1,1,1
65,37,665,62,20,29.85900351690968,0,2,1,0,0
25,27,701,32,26,60.0,1,3,3,0,1
67,50,751,37,18,35.583820203989504,0,2,3,0,1
40,46,388,5,22,5.425687057157546,1,1,1,1,1
46,34,713,68,34,28.871149915940748,1,1,2,0,1
35,99,573,55,39,19.13716428659796,2,2,1,1,1
48,70,587,84,4,37.388277720738245,1,3,2,0,1
47,68,693,40,7,21.659613307645042,2,1,2,1,0
69,91,613,72,10,31.822529351658584,1,2,1,0,0
56,65,709,23,15,23.90239975592763,2,2,1,0,1
52,45,645,5,38,37.95776177295525,1,2,3,0,1
35,25,666,47,23,25.589017613252963,2,1,2,0,0
59,43,600,35,20,40.35320108748556,2,3,1,1,0
56,90,543,23,22,60.0,1,2,2,0,1
34,34,575,72,37,17.683816751555355,0,2,3,0,0
31,67,639,80,7,45.85782820427704,0,2,2,1,0
48,80,833,52,6,5.0,2,3,2,1,1
41,65,797,45,1,31.508428440265668,2,2,2,1,0
52,67,584,51,29,38.433571639258616,1,2,2,0,0
61,73,656,33,12,23.779809742423968,1,2,2,0,0
62,67,621,64,22,8.189107654904756,0,2,3,0,0
51,92,663,11,28,34.42940331845195,1,1,1,1,1
20,39,675,23,37,57.981730947294295,2,3,2,1,0
54,64,702,30,36,32.80325964974939,0,3,1,1,1
60,23,359,63,19,43.37860585900412,1,2,1,0,0
57,20,686,42,32,51.90320962642045,2,2,2,1,0
43,58,610,84,28,60.0,2,1,3,1,0
40,70,579,70,14,19.215685455397633,4,3,1,0,1
61,92,729,29,22,20.76334040671002,1,2,3,1,1
56,108,796,65,2,30.616481935732324,1,2,1,0,0
32,86,718,39,36,44.231549575314745,0,3,1,1,1
66,74,598,61,28,5.0,2,2,1,1,0
21,63,542,71,7,44.80638392001085,1,3,2,0,0
46,29,349,77,21,37.22396081072138,1,2,2,1,0
39,57,668,55,28,26.990834659975782,0,2,2,0,1
42,85,707,90,1,41.382649246779295,1,2,2,1,0
30,77,639,61,0,48.34473848546541,0,2,2,1,1
35,34,743,53,19,50.42032663832199,1,3,2,1,1
50,72,517,42,20,35.22145071579733,0,2,1,1,0
33,70,632,34,36,39.8904949431348,2,2,3,0,0
62,66,624,60,7,39.324827287736085,0,1,2,0,0
59,59,638,52,26,53.46795920969794,3,1,1,1,0
61,73,766,56,34,40.71824321914741,3,2,1,0,1
19,73,639,62,5,44.6783492378435,1,2,2,1,0
52,47,620,56,18,48.38990824195532,0,3,1,0,0
59,69,556,100,17,60.0,1,2,2,1,0
51,56,782,36,0,26.21277710496026,0,2,1,0,1
47,30,506,60,24,59.38563040770835,2,2,2,1,0
30,48,594,44,26,60.0,1,2,1,1,0
30,28,819,5,6,27.169358513885097,0,3,3,0,1
35,79,696,45,28,31.748147841247736,1,2,3,0,0
49,67,647,26,30,28.57323558366243,1,1,3,1,1
49,52,652,48,35,44.853326107835954,3,2,1,1,0
52,88,555,49,18,7.07485045871082,3,1,3,0,1
56,61,643,59,5,27.507528147572394,0,2,2,1,0
63,31,615,36,24,30.89536734361284,0,1,2,0,0
69,51,667,39,30,29.583584651962013,0,2,1,0,1
46,92,499,67,8,29.43256294219201,2,1,2,1,1
66,46,689,29,19,27.661106325923704,1,1,3,0,1
46,65,751,5,9,46.660784997290015,0,2,1,0,1
61,74,629,53,36,43.07366328350443,2,1,1,1,0
33,71,714,76,26,60.0,3,1,1,1,1
61,108,681,67,12,46.69900037848887,1,2,1,0,0
64,36,589,54,1,18.536163333422387,1,1,2,1,0
27,38,544,81,20,32.449443957061774,1,1,3,0,1
47,36,558,77,32,30.856522574432667,0,1,1,0,0
42,54,679,41,23,38.8285735764465,2,3,2,1,1
56,81,644,56,33,51.398744593660666,3,2,2,0,0
37,39,777,57,8,37.78752587493158,2,2,1,1,1
22,82,729,47,1,37.827377344495524,2,3,2,1,1
18,60,728,78,29,35.150628248745186,3,1,1,1,1
47,37,676,46,21,47.15875985118913,0,2,2,0,1
66,24,553,37,10,26.466422465661694,1,3,1,0,1
20,29,682,5,16,13.144853313714357,4,2,2,0,0
62,46,656,30,35,44.66868464316846,1,3,1,1,0
31,56,536,17,12,40.62750722263209,2,3,3,0,0
47,86,770,48,6,54.851274127219696,2,1,3,0,1
67,75,760,18,15,5.0,1,3,1,1,0
21,43,535,65,32,33.494759002178185,1,3,2,1,1
35,68,586,77,0,36.600703292437636,1,2,1,0,0
54,93,595,49,10,12.33683062376086,0,3,2,1,1
42,97,710,25,5,33.70105470619496,1,1,1,0,0
65,53,699,57,19,52.803840023531556,1,2,2,0,0
18,79,654,97,34,60.0,2,1,1,0,1
63,87,677,89,36,49.73610349037993,1,1,1,0,0
32,29,521,14,25,30.132929282598504,3,2,1,1,0
26,49,688,13,11,53.92272770706879,3,2,1,0,0
32,104,639,7,29,48.67103924149044,2,2,2,0,0
66,53,582,21,27,27.7341414778574,0,2,1,1,1
41,20,496,56,26,26.273059710494906,1,2,3,1,0
21,57,652,36,18,32.472469392071766,0,1,2,1,1
29,82,685,29,4,19.237264632246816,1,2,1,0,1
54,60,479,75,4,30.33812133416913,4,3,2,0,1
54,74,651,63,26,42.30129382344802,1,2,2,0,1
60,78,662,7,27,50.57760899256891,0,2,2,1,1
23,52,594,74,25,29.317218489815154,2,2,2,1,0
56,49,687,62,26,55.82631302870605,1,2,1,1,0
63,63,636,63,20,44.75158200253264,0,2,1,1,0
41,63,678,35,0,45.43479528389557,1,3,2,1,0
28,61,703,45,27,21.21482369013378,3,2,3,1,1
30,61,703,5,14,60.0,2,2,3,0,1
51,45,751,71,16,43.30046678032386,2,2,1,0,1
42,75,683,25,25,30.009989556554938,1,2,2,0,1
24,71,602,28,19,27.36324143384931,2,2,3,0,0
69,33,585,27,24,30.34321785950266,3,2,1,0,0
21,52,543,95,12,19.724936826833993,1,2,2,0,0
25,61,665,33,32,49.824508165242385,2,2,2,0,0
37,49,782,73,24,21.261168645943897,0,2,2,0,1
46,72,614,49,7,39.34737258312287,0,3,2,0,1
68,58,694,29,4,28.251241306979228,0,2,3,0,1
62,63,574,24,5,45.0619470337752,0,3,1,0,1
63,51,669,34,22,47.10057224392872,0,1,2,0,1
27,20,775,48,29,25.34142406371317,1,1,1,0,1
60,20,718,65,13,34.49189501363027,2,2,2,1,1
51,71,492,38,22,13.349128076083925,2,2,3,0,0
43,65,707,37,10,60.0,0,2,2,1,1
58,68,711,27,30,51.02004660394763,0,1,1,0,1
66,62,667,20,5,14.066916504536778,1,1,2,0,1
20,64,716,18,10,21.996436919769792,1,2,1,0,1
23,79,566,74,12,32.97772519702489,1,1,1,0,0
22,68,656,36,11,35.581410800922235,1,2,2,0,1
22,80,761,38,1,24.70923049210176,1,2,2,1,0
64,63,751,33,34,17.826080034420897,2,2,2,1,1
40,53,704,42,35,40.925469662992334,0,1,2,1,1
66,63,561,59,16,60.0,1,1,1,1,0
26,43,545,37,27,35.8199812760692,1,2,1,0,0
52,52,661,54,27,30.624316937283176,1,1,2,0,0
37,63,668,85,21,29.047408804912003,0,2,3,1,1
66,63,639,29,37,18.54914524034238,3,3,3,1,1
59,57,569,39,6,24.920228727639852,2,1,2,0,0
52,32,693,66,14,52.041666205454945,0,1,1,1,0
67,72,661,87,31,5.0,2,1,2,0,0
35,76,678,18,10,36.05154985470953,1,3,2,0,1
34,92,709,7,23,35.41932000289034,1,1,1,1,1
41,68,622,49,2,36.77599000234466,0,3,2,1,1
20,60,601,47,29,45.91126562635277,1,2,3,1,0
49,39,760,67,5,35.917418953534614,3,2,2,0,0
52,89,574,63,1,28.190608515184778,0,1,1,0,1
55,64,603,49,13,25.150658627168234,2,2,2,0,0
30,63,773,76,17,54.47515644722347,1,2,1,1,1
64,54,595,32,30,50.61577966333706,1,2,1,0,0
42,53,640,55,12,60.0,2,2,3,0,0
26,73,608,19,25,30.785173569761014,2,2,1,0,1
21,39,471,48,11,25.426804890430525,4,2,1,0,0
31,92,637,13,17,41.79750344450752,3,2,2,0,0
54,88,548,22,8,41.43524737794582,2,2,3,1,0
51,52,675,92,20,44.54532618324175,1,2,2,0,0
28,42,760,5,39,47.70696316034547,0,1,1,1,1
58,20,428,44,23,44.400104181550105,0,2,2,0,0
20,34,609,70,33,51.12547408974807,1,2,2,1,0
45,74,695,105,7,53.1200796587823,3,1,2,1,0
46,66,431,54,32,53.38767074797189,2,2,2,0,0
26,69,783,55,22,5.0,1,1,1,0,1
20,23,687,50,12,38.485713538564106,0,1,3,0,0
42,52,758,76,13,21.151847171831818,0,3,2,0,1
51,87,593,60,13,50.831716485530485,3,2,1,1,0
29,58,605,35,15,5.0,1,2,2,0,0
59,34,633,77,37,57.038379165998634,0,3,1,0,0
26,57,850,38,38,22.029504284485213,2,1,2,1,1
32,44,781,10,25,18.592045400276998,0,3,1,0,1
57,66,663,10,25,40.343739810463624,0,1,1,0,1
42,60,675,44,0,29.40093864003721,1,2,2,0,0
22,70,713,52,31,60.0,2,2,3,1,1
28,35,850,73,14,55.44549720691394,2,3,1,0,1
51,51,688,66,20,27.337479462828856,2,2,2,0,0
41,81,654,51,17,50.637274403087055,1,2,2,1,0
32,32,616,75,29,26.820696495458712,1,2,2,0,0
55,39,673,50,12,26.691280618759823,0,1,1,1,0
25,63,591,17,23,45.712771370943926,0,2,2,1,1
22,65,699,12,29,56.83761635703729,0,1,1,1,1
65,50,506,81,1,28.38391223281776,2,2,3,1,0
43,54,623,5,18,29.526068397467856,4,2,2,1,0
35,70,723,44,24,39.518070786375816,1,3,3,1,0
23,76,686,124,13,21.59014288295603,2,2,1,1,0
54,38,603,61,5,58.481155847393794,1,2,3,0,0
65,67,626,44,11,21.44671087157547,0,1,1,0,0
30,90,753,7,19,25.50209351696007,2,1,2,0,1
45,57,528,90,22,60.0,1,2,1,0,0
22,38,529,80,29,38.218826433327536,1,2,2,0,0
30,37,557,67,29,60.0,0,2,1,0,0
34,56,648,49,37,31.710837189733006,0,2,1,1,0
67,80,514,64,29,60.0,2,1,2,1,0
57,59,745,46,29,44.23474970744222,2,2,2,1,1
62,63,557,25,35,23.71346071082126,0,1,2,1,1
49,40,672,73,33,23.482435719879632,5,1,1,1,0
46,79,592,48,15,13.14188133798367,2,1,1,1,0
68,37,643,63,23,14.782775809858915,3,2,3,0,0
20,49,489,46,13,25.107026233259575,1,2,2,0,0
57,72,750,61,25,20.12602340625322,0,1,1,0,1
51,20,553,49,7,5.0,1,2,2,0,0
57,63,543,47,13,47.62281487821397,2,2,3,1,0
44,39,850,50,30,46.630065813590804,0,3,3,0,1
30,60,705,124,1,39.62565315463676,1,2,1,0,0
62,52,746,70,3,17.975503745708643,2,1,3,0,0
50,102,695,114,0,59.701881631329684,1,3,1,0,0
23,52,604,49,19,32.327478645551416,1,1,2,0,0
41,96,519,42,13,22.501507917728546,3,2,1,1,1
36,71,620,23,39,38.488791985149874,3,2,2,0,0
33,43,552,90,24,37.62858757323063,1,1,2,0,0
57,66,558,27,24,5.0,4,2,2,1,0
45,53,491,95,2,34.53581937719164,1,1,2,1,1
50,64,661,24,4,36.808085382045604,0,3,2,0,1
65,45,807,72,37,29.31888238933775,1,1,2,0,1
58,93,705,10,25,15.178177085282265,3,2,1,0,1
30,78,639,38,39,15.620080874916983,5,2,1,1,0
60,60,645,50,37,42.71098146228469,3,1,2,0,0
62,94,345,35,37,46.424014744102905,3,2,3,0,0
42,61,607,45,3,28.279857576541538,0,3,2,0,1
59,81,507,45,6,40.734765980641335,3,2,1,1,0
53,60,663,70,29,28.131226173592314,0,2,2,0,1
44,67,624,5,29,22.201414958852997,1,2,1,0,1
55,58,563,35,18,38.217453291329846,1,3,3,1,1
24,61,661,81,38,17.763574966197215,3,1,1,0,1
22,63,660,64,34,60.0,2,2,2,0,0
60,46,801,81,39,13.43729430752942,1,1,2,0,1
62,51,718,68,32,39.25741046343894,2,3,3,0,1
68,55,671,22,32,37.25358998839474,0,2,1,1,1
48,64,555,66,13,35.922135210835506,2,3,1,0,1
40,59,542,52,37,57.250900940351436,2,3,2,1,0
59,83,709,106,9,5.0,1,1,2,0,1
27,76,629,70,27,41.17598158233362,3,1,1,0,0
49,56,674,63,13,30.899337539334486,2,1,2,0,0
60,87,747,66,35,43.7596369327081,1,2,2,1,1
47,97,498,61,37,35.82023413727389,1,2,3,0,0
56,20,789,61,15,33.874694303802976,0,2,1,0,1
48,78,746,43,20,16.890280014174273,1,2,1,1,1
35,46,444,63,27,24.902937493841637,1,2,2,1,0
53,76,850,73,32,60.0,1,2,2,0,0
19,84,682,76,5,43.89653143914041,0,1,2,0,1
31,42,602,73,14,50.78889761558069,0,1,2,0,1
30,22,701,87,2,29.72154764565265,1,2,1,1,0
46,76,552,78,34,22.16585947135161,0,2,1,0,0
29,62,704,65,13,46.64641661671979,2,3,1,0,1
56,26,570,21,1,6.444225962783737,0,2,3,0,1
19,110,850,21,28,25.238922509329214,1,2,2,0,1
49,72,656,43,3,29.68136817894048,1,2,1,0,0
30,73,714,51,25,49.174836550529804,1,1,1,0,1
63,87,571,84,11,41.20569070431964,0,1,3,0,0
44,48,731,5,1,27.906504070510863,1,1,3,0,1
66,62,648,24,16,40.53459518153518,1,1,3,0,1
58,33,508,45,34,30.45272241534986,3,2,1,1,0
34,47,626,25,9,51.05056638401486,4,2,2,0,0
57,67,843,30,21,38.542350831156234,2,2,1,0,1
48,26,735,37,20,60.0,1,2,1,0,1
51,47,612,26,14,30.833085090043404,2,1,1,1,0
41,41,463,30,34,53.380928492895094,1,2,1,1,0
62,62,566,84,20,36.356209905427825,5,2,2,1,1
52,71,509,65,20,24.541345236615015,0,3,3,0,1
65,74,465,69,20,60.0,0,3,1,0,0
23,79,728,49,31,54.645632365450105,0,2,3,1,1
36,87,656,75,4,38.51484939769871,5,2,1,0,0
47,72,829,71,38,46.489945247155944,0,1,2,1,1
24,97,550,64,8,18.769719525455116,1,1,1,1,0
27,62,649,33,17,19.29782731023367,2,3,2,0,1
58,56,510,38,20,51.711354302413184,0,2,1,0,0
49,72,590,76,7,35.07196068125181,2,2,2,1,0
51,55,627,37,33,32.66273667198179,0,3,2,0,1
45,97,612,17,9,30.680934575590143,2,2,3,0,1
32,82,655,36,23,37.28101153203669,1,1,1,0,0
47,75,747,88,39,31.186258826730615,2,1,2,0,1
54,62,736,36,23,5.0,1,1,2,0,1
46,51,573,58,31,56.23812900242453,0,2,3,0,0
39,74,646,34,32,33.34159457241821,2,2,2,0,0
21,37,729,69,37,60.0,1,3,3,1,1
37,90,753,63,33,8.567055857386052,2,2,2,0,0
49,56,583,12,10,8.508210161044872,0,1,2,0,1
53,66,720,56,30,30.868796967241416,1,1,1,0,1
67,41,683,7,17,49.66290977809447,2,2,2,0,0
21,74,543,36,22,16.704991677088355,2,3,2,0,1
44,50,730,49,21,16.122829170118848,4,1,1,0,1
34,72,665,96,17,40.579285080656085,0,3,1,1,1
29,75,475,57,39,30.306895000719223,4,2,3,0,0
39,47,620,30,38,43.161198666428675,3,1,2,0,0
34,37,653,42,19,30.57575295128899,1,3,1,1,1
27,90,589,73,12,40.77705924207475,1,1,2,0,0
18,56,772,31,0,55.49199858420103,1,2,1,0,0
39,64,776,77,3,16.73679812366006,5,1,2,1,0
43,69,611,36,23,52.7718052072419,2,3,2,0,0
35,34,600,27,35,9.437787969900178,2,3,1,1,1
67,69,636,37,35,44.140048607549225,2,3,2,1,0
31,61,629,9,1,56.289037540445605,2,1,1,0,0
64,47,590,5,27,27.13897964520905,1,1,3,1,1
46,36,300,47,25,44.66832671287542,2,2,3,1,0
29,72,825,48,22,27.69360264575688,5,1,1,1,1
53,82,650,56,14,43.78071701190463,0,2,3,1,1
52,63,632,47,35,5.0,2,2,2,1,0
69,31,682,108,26,37.43234996131122,1,1,2,0,0
29,38,641,54,5,40.93086445765196,0,2,1,0,0
24,51,606,15,34,55.17022926609665,0,3,2,0,1
46,91,549,22,38,48.878833119197225,2,3,3,0,0
28,55,466,50,37,32.581459214037416,1,2,1,1,0
50,50,514,39,34,39.02097196922962,1,2,1,0,0
23,26,538,19,35,13.308253626405612,2,1,1,1,0
64,46,715,48,9,59.66112407060253,0,1,2,0,1
32,35,722,48,29,45.36739097483106,0,2,3,0,1
49,39,561,89,37,7.0864884618385915,5,3,2,0,1
68,62,383,27,28,38.68980572192231,1,1,1,0,1
28,51,650,39,38,39.83510666716946,3,1,2,1,0
40,93,607,89,3,23.390841562057098,2,1,1,0,1
43,81,605,58,4,36.45298303439267,1,1,1,0,1
51,47,745,26,3,21.88279702527923,0,1,2,0,1
63,41,663,32,35,13.931036409401251,3,2,1,0,0
51,87,552,19,15,25.7997952606392,2,2,3,0,1
46,93,529,51,24,37.57385388708926,2,1,2,0,0
21,20,623,75,13,48.92497600064351,1,1,3,0,0
34,61,559,90,10,36.04727676307277,0,2,3,0,0
52,54,642,12,28,49.07137053409563,1,2,3,0,1
30,72,752,71,33,44.73054616556077,3,1,1,1,1
58,98,512,54,21,19.46902931243213,0,3,3,0,1
56,50,658,43,13,44.616545555628456,3,2,2,0,0
32,20,741,39,23,45.031151039320925,1,2,2,1,1
46,71,641,5,38,60.0,2,3,1,1,0
46,87,722,65,25,41.159815420034775,1,2,1,1,1
28,53,621,17,35,16.479889282812003,1,3,3,1,1
69,45,667,31,38,26.688788054896612,4,3,1,0,1
49,51,694,60,15,7.21164297860809,4,1,1,0,0
19,77,592,5,37,42.657162782087,2,3,1,0,0
64,50,849,16,31,59.809513111670626,0,1,3,1,1
31,66,707,80,5,5.0,0,1,2,0,0
37,60,780,53,33,60.0,0,3,3,0,1
39,58,757,33,7,42.458562545590325,0,3,1,1,1
28,74,682,53,29,18.8512751876418,1,2,1,0,0
44,50,788,66,26,38.85041959238826,0,1,2,0,1
20,51,668,78,6,19.335084839535142,4,2,2,0,0
34,75,577,22,26,41.60629648374145,0,2,1,0,1
61,40,651,24,24,35.95041575162825,3,1,1,0,1
45,42,549,65,14,39.94015354072208,0,3,1,0,1
46,34,439,66,24,21.215910242203357,1,2,1,1,0
38,76,564,16,21,23.40019090078222,4,1,2,1,0
64,57,657,25,17,42.52732119258457,3,1,1,1,0
33,33,756,45,11,27.459105591010022,2,2,1,1,1
54,77,564,50,22,37.23526712257483,1,2,1,0,0
37,48,751,51,38,41.79475294560625,2,1,1,0,1
23,42,528,16,24,31.664662132932413,0,2,3,0,1
36,56,558,51,9,52.32651767557623,2,1,1,0,0
22,89,794,32,29,32.216742754778934,0,2,1,1,1
20,52,654,20,9,31.76636769392495,1,2,2,1,1
18,71,632,49,33,25.524422368807492,1,1,2,0,0
55,74,673,47,12,50.599730379174744,1,2,2,0,0
32,68,529,70,28,24.391876399635024,0,2,1,0,0
51,85,616,28,37,53.817352912303534,2,2,2,0,0
52,45,650,55,8,37.44669067048116,1,2,2,1,0
66,39,773,10,12,60.0,1,3,1,1,1
42,38,482,43,36,25.093101896562374,1,3,1,1,1
41,57,826,61,13,54.1279085674166,2,1,2,1,1
29,41,637,63,36,42.653629693837246,0,2,2,0,0
35,62,538,63,8,27.293686817251114,0,1,3,1,0
32,61,520,70,7,42.855194840457855,4,1,2,1,0
61,80,677,38,38,42.124310231458026,1,1,2,0,0
33,65,515,62,39,30.020920622216167,0,3,1,0,1
44,51,593,96,2,41.42421318511266,5,2,3,1,0
25,68,625,38,39,52.45162389221309,4,1,2,0,0
63,39,764,84,32,42.67031241088998,2,1,2,0,1
42,59,751,71,31,28.71222245410395,0,3,1,0,1
34,66,585,43,6,27.86746421486536,1,2,1,1,0
46,62,628,45,18,33.68885197637702,1,2,2,0,0
25,68,490,52,33,51.68693021873245,0,3,1,0,0
32,47,446,70,13,23.693163641056596,2,2,1,1,0
44,83,527,60,18,40.88196761471217,2,1,1,1,0
63,96,762,38,25,11.56298657562499,1,2,1,1,1
67,27,728,5,16,43.91917261294441,0,3,2,0,1
69,35,688,66,27,46.2765634695621,2,3,2,0,0
24,60,504,5,18,60.0,0,1,1,0,1
20,54,578,15,26,48.87939580574418,2,1,2,0,0
